image_id,topic,v1_data_topic,source_id,source_title,publisher,source_url,image_url,local_path,relative_image_path,served_url,alt,caption,near_heading,content_type,content_hash,score,retrieved_at
image:fbbc8dbca8712938,support_services,02_australian_support_services,carer-gateway:home,Homepage | Carer Gateway,Carer Gateway,https://www.carergateway.gov.au,https://www.carergateway.gov.au/sites/default/files/styles/large/public/images/2024-10/46-how-access-services-1-call-2.png?itok=DGFuFe6K,C:\Users\User1\Downloads\MND DATA\images\assets\02_australian_support_services\Carer Gateway\1 Call. 2 Plan. 3 Arrange. 4 Receive. Find out more on how to access support-fbbc8dbca8.png,images/assets/02_australian_support_services/Carer Gateway/1 Call. 2 Plan. 3 Arrange. 4 Receive. Find out more on how to access support-fbbc8dbca8.png,/mnd-data/images/assets/02_australian_support_services/Carer Gateway/1 Call. 2 Plan. 3 Arrange. 4 Receive. Find out more on how to access support-fbbc8dbca8.png,1 Call. 2 Plan. 3 Arrange. 4 Receive. Find out more on how to access support.,,How to access supports through Carer Gateway service providers,image/png,fbbc8dbca8712938d76aec7a93fb595ed39458bac0aacf9828d64d8c6a1a83d5,14,2026-08-31
image:41d5d84e81cd4416,support_services,02_australian_support_services,carer-gateway:about-us-carer-gateway-campaign,Carer Gateway campaign | Carer Gateway,Carer Gateway,https://www.carergateway.gov.au/about-us/carer-gateway-campaign,https://www.carergateway.gov.au/sites/default/files/images/2024-08/1251-dss-cginfographic-1.png,C:\Users\User1\Downloads\MND DATA\images\assets\02_australian_support_services\Carer Gateway\Do you support someone close to you-41d5d84e81.png,images/assets/02_australian_support_services/Carer Gateway/Do you support someone close to you-41d5d84e81.png,/mnd-data/images/assets/02_australian_support_services/Carer Gateway/Do you support someone close to you-41d5d84e81.png,Do you support someone close to you?,,Social media tiles,image/png,41d5d84e81cd44168b2133efeca9856539b21dd40c994d98cd63884e11164f23,14,2026-08-31
image:9bb4427906738314,support_services,02_australian_support_services,carer-gateway:about-us-carer-gateway-campaign,Carer Gateway campaign | Carer Gateway,Carer Gateway,https://www.carergateway.gov.au/about-us/carer-gateway-campaign,https://www.carergateway.gov.au/sites/default/files/images/2024-08/1246-dss-cginfographic-2.png,C:\Users\User1\Downloads\MND DATA\images\assets\02_australian_support_services\Carer Gateway\Carers do best when they have help and support-9bb4427906.png,images/assets/02_australian_support_services/Carer Gateway/Carers do best when they have help and support-9bb4427906.png,/mnd-data/images/assets/02_australian_support_services/Carer Gateway/Carers do best when they have help and support-9bb4427906.png,Carers do best when they have help and support.,,Social media tiles,image/png,9bb44279067383146947dbf9ef75dc3bc652d82ecd84492029eb81af64bb87df,14,2026-08-31
image:e1745e5fa621a03a,support_services,02_australian_support_services,carer-gateway:about-us-carer-gateway-campaign,Carer Gateway campaign | Carer Gateway,Carer Gateway,https://www.carergateway.gov.au/about-us/carer-gateway-campaign,https://www.carergateway.gov.au/sites/default/files/images/2024-08/1241-dss-cginfographic-3.png,C:\Users\User1\Downloads\MND DATA\images\assets\02_australian_support_services\Carer Gateway\Looking after someone else can be tough. It's OK to ask for support-e1745e5fa6.png,images/assets/02_australian_support_services/Carer Gateway/Looking after someone else can be tough. It's OK to ask for support-e1745e5fa6.png,/mnd-data/images/assets/02_australian_support_services/Carer Gateway/Looking after someone else can be tough. It's OK to ask for support-e1745e5fa6.png,Looking after someone else can be tough. It's OK to ask for support. ,,Social media tiles,image/png,e1745e5fa621a03a0029b4030b442ef5b9fd38711e47e762531d14bef9bdaa1f,14,2026-08-31
image:7d9c4bf570cb5b28,support_services,02_australian_support_services,carer-gateway:about-us-carer-gateway-campaign,Carer Gateway campaign | Carer Gateway,Carer Gateway,https://www.carergateway.gov.au/about-us/carer-gateway-campaign,https://www.carergateway.gov.au/sites/default/files/images/2024-08/1236-dss-cginfographic-4.png,C:\Users\User1\Downloads\MND DATA\images\assets\02_australian_support_services\Carer Gateway\It's important to have support when you're caring for someone-7d9c4bf570.png,images/assets/02_australian_support_services/Carer Gateway/It's important to have support when you're caring for someone-7d9c4bf570.png,/mnd-data/images/assets/02_australian_support_services/Carer Gateway/It's important to have support when you're caring for someone-7d9c4bf570.png,It's important to have support when you're caring for someone.,,Social media tiles,image/png,7d9c4bf570cb5b28bf5f29fcb2bdc87c4347cac90d4a5607d5d87001507023fd,14,2026-08-31
image:3819a9faf6768603,support_services,02_australian_support_services,carer-gateway:support-person-you-care,Available support for the person you care for | Carer Gateway,Carer Gateway,https://www.carergateway.gov.au/support-person-you-care,https://www.carergateway.gov.au/sites/default/files/styles/large/public/images/2025-02/1506-ypirac.jpg?itok=xrpx9hPk,C:\Users\User1\Downloads\MND DATA\images\assets\02_australian_support_services\Carer Gateway\Australian Government. Department of Social Services. Department of Health and Aged Care. NDIS-3819a9faf6.jpg,images/assets/02_australian_support_services/Carer Gateway/Australian Government. Department of Social Services. Department of Health and Aged Care. NDIS-3819a9faf6.jpg,/mnd-data/images/assets/02_australian_support_services/Carer Gateway/Australian Government. Department of Social Services. Department of Health and Aged Care. NDIS-3819a9faf6.jpg,Australian Government. Department of Social Services. Department of Health and Aged Care. NDIS,,Go to My Lived iD,image/jpeg,3819a9faf6768603565b57974e65b75ccd2d65cdd417a1bdba85631e9fae275e,14,2026-08-31
image:30284c8024e5fab5,support_services,02_australian_support_services,carer-gateway:resource-factsheet-support,Factsheet: Do you know a carer who might need support? | Carer Gateway,Carer Gateway,https://www.carergateway.gov.au/resource/factsheet-support,https://www.carergateway.gov.au/sites/default/files/styles/image_full_size/public/covers/1286-factsheet2.png?itok=MBsXwrbR,C:\Users\User1\Downloads\MND DATA\images\assets\02_australian_support_services\Carer Gateway\cover of Factsheet Do you know a carer who might need support-30284c8024.png,images/assets/02_australian_support_services/Carer Gateway/cover of Factsheet Do you know a carer who might need support-30284c8024.png,/mnd-data/images/assets/02_australian_support_services/Carer Gateway/cover of Factsheet Do you know a carer who might need support-30284c8024.png,cover of Factsheet: Do you know a carer who might need support?,,Factsheet: Do you know a carer who might need support? PDF [118.96 KB],image/png,30284c8024e5fab55c5b14a34acf7af6efd8cf5a604858762fa94a97cc8531a2,14,2026-08-31
image:71522c57f405e32b,support_services,02_australian_support_services,carer-gateway:resource-factsheet-support-carers,Factsheet: Support for Carers | Carer Gateway,Carer Gateway,https://www.carergateway.gov.au/resource/factsheet-support-carers,https://www.carergateway.gov.au/sites/default/files/styles/image_full_size/public/covers/1296-factsheet4.png?itok=e9NfA7A2,C:\Users\User1\Downloads\MND DATA\images\assets\02_australian_support_services\Carer Gateway\cover of Factsheet Support for Carers-71522c57f4.png,images/assets/02_australian_support_services/Carer Gateway/cover of Factsheet Support for Carers-71522c57f4.png,/mnd-data/images/assets/02_australian_support_services/Carer Gateway/cover of Factsheet Support for Carers-71522c57f4.png,cover of Factsheet: Support for Carers,,Factsheet: Support for Carers PDF [315.42 KB],image/png,71522c57f405e32bbfce386b9c84983d60afd524349d89b8da552d6b2671d818,14,2026-08-31
image:7ffc53ac07afb54f,support_services,02_australian_support_services,mnd-nsw:what-we-do-support-and-services-210-carer-html,Carer Support,MND NSW,https://www.mndnsw.org.au/what-we-do/support-and-services/210-carer.html,https://www.mndnsw.org.au/images/2026/4.jpg,C:\Users\User1\Downloads\MND DATA\images\assets\02_australian_support_services\MND NSW\Carer Support-7ffc53ac07.jpg,images/assets/02_australian_support_services/MND NSW/Carer Support-7ffc53ac07.jpg,/mnd-data/images/assets/02_australian_support_services/MND NSW/Carer Support-7ffc53ac07.jpg,,,Carer Support,image/jpeg,7ffc53ac07afb54fdd776569a81f49e288837c33e741e158b5ea1b73b650f531,14,2026-08-31
image:948818baa968712a,support_services,02_australian_support_services,mnd-nsw:what-we-do-support-and-services-210-carer-html,Carer Support,MND NSW,https://www.mndnsw.org.au/what-we-do/support-and-services/210-carer.html,https://www.mndnsw.org.au/media/yootheme/cache/fc/4-fc87eb65.webp,C:\Users\User1\Downloads\MND DATA\images\assets\02_australian_support_services\MND NSW\Carer Support-948818baa9.webp,images/assets/02_australian_support_services/MND NSW/Carer Support-948818baa9.webp,/mnd-data/images/assets/02_australian_support_services/MND NSW/Carer Support-948818baa9.webp,,,Carer Support,image/webp,948818baa968712a6d29509ad47c30fe7df0244cb4a1dd3870bce35042f6723b,14,2026-08-31
image:98aeebb23cbf0309,support_services,02_australian_support_services,mnd-nsw:what-we-do-support-and-services-210-carer-html,Carer Support,MND NSW,https://www.mndnsw.org.au/what-we-do/support-and-services/210-carer.html,https://www.mndnsw.org.au/media/yootheme/cache/9e/4-9e787e99.webp,C:\Users\User1\Downloads\MND DATA\images\assets\02_australian_support_services\MND NSW\Carer Support-98aeebb23c.webp,images/assets/02_australian_support_services/MND NSW/Carer Support-98aeebb23c.webp,/mnd-data/images/assets/02_australian_support_services/MND NSW/Carer Support-98aeebb23c.webp,,,Carer Support,image/webp,98aeebb23cbf03097569e60f68756b05edc516cf67abdda952d50b4db3848d43,14,2026-08-31
image:46e7cc431c2e4b74,support_services,02_australian_support_services,mnd-nsw:what-we-do-support-and-services-210-carer-html,Carer Support,MND NSW,https://www.mndnsw.org.au/what-we-do/support-and-services/210-carer.html,https://www.mndnsw.org.au/media/yootheme/cache/c4/4-c400b3a6.webp,C:\Users\User1\Downloads\MND DATA\images\assets\02_australian_support_services\MND NSW\Carer Support-46e7cc431c.webp,images/assets/02_australian_support_services/MND NSW/Carer Support-46e7cc431c.webp,/mnd-data/images/assets/02_australian_support_services/MND NSW/Carer Support-46e7cc431c.webp,,,Carer Support,image/webp,46e7cc431c2e4b74dad0f1661917fb3d02b2c7b583a3a749fc668fa28f3d26e1,14,2026-08-31
image:c86f3ebe49509990,support_services,02_australian_support_services,mnd-qld:home,MND Queensland - Support and specialist services for people impacted by a Motor Neurone Disease (MND) diagnosis,MND Queensland,https://mndaq.org.au/Home.aspx,https://mndqldmndqld.blob.core.windows.net/assets/uploads/img/carousel/Equipment%20Carousel%20Image.jpg,C:\Users\User1\Downloads\MND DATA\images\assets\02_australian_support_services\MND Queensland\MND Queensland - Support and specialist services for people impacted by a Motor Neurone Disease (MND) diagnosis-c86f3ebe49.jpg,images/assets/02_australian_support_services/MND Queensland/MND Queensland - Support and specialist services for people impacted by a Motor Neurone Disease (MND) diagnosis-c86f3ebe49.jpg,/mnd-data/images/assets/02_australian_support_services/MND Queensland/MND Queensland - Support and specialist services for people impacted by a Motor Neurone Disease (MND) diagnosis-c86f3ebe49.jpg,,,Get Support,image/jpg,c86f3ebe495099906e18be26623f0a782e3093685bf4a7aa129cf1bcbeee2f56,14,2026-08-31
image:65fc4b5586eb7943,support_services,02_australian_support_services,mnd-nsw:what-we-do-support-and-services-210-carer-html,Carer Support,MND NSW,https://www.mndnsw.org.au/what-we-do/support-and-services/210-carer.html,https://www.mndnsw.org.au/images/2024/Avo_chock_240_Heading_1.png,C:\Users\User1\Downloads\MND DATA\images\assets\02_australian_support_services\MND NSW\Two bowels of avocado mousse-65fc4b5586.png,images/assets/02_australian_support_services/MND NSW/Two bowels of avocado mousse-65fc4b5586.png,/mnd-data/images/assets/02_australian_support_services/MND NSW/Two bowels of avocado mousse-65fc4b5586.png,Two bowels of avocado mousse,,Modify foods,image/png,65fc4b5586eb7943547ec9db441ba0a335dfa5732c70078f26f11698acb5698d,13,2026-08-31
image:612e4b5ece3563c2,support_services,02_australian_support_services,mnd-nsw:what-we-do-support-and-services-210-carer-html,Carer Support,MND NSW,https://www.mndnsw.org.au/what-we-do/support-and-services/210-carer.html,https://www.mndnsw.org.au/media/yootheme/cache/9e/Avo_chock_240_Heading_1-9e9703e3.webp,C:\Users\User1\Downloads\MND DATA\images\assets\02_australian_support_services\MND NSW\Two bowels of avocado mousse-612e4b5ece.webp,images/assets/02_australian_support_services/MND NSW/Two bowels of avocado mousse-612e4b5ece.webp,/mnd-data/images/assets/02_australian_support_services/MND NSW/Two bowels of avocado mousse-612e4b5ece.webp,Two bowels of avocado mousse,,Modify foods,image/webp,612e4b5ece3563c269cb3b59cd379bc282cfa192cc67226bb4612a804b12171d,13,2026-08-31
image:58e3a1e3cf694d77,support_services,02_australian_support_services,mnd-south-australia:resources-information-and-support,Information and Support - MND South Australia,MND South Australia,https://mndsa.org.au/resources/information-and-support,https://mndsa.org.au/wp-content/uploads/2026/05/health-wellness-digital-tablet-concept-scaled.jpg,C:\Users\User1\Downloads\MND DATA\images\assets\02_australian_support_services\MND South Australia\Information and Support - MND South Australia-58e3a1e3cf.jpg,images/assets/02_australian_support_services/MND South Australia/Information and Support - MND South Australia-58e3a1e3cf.jpg,/mnd-data/images/assets/02_australian_support_services/MND South Australia/Information and Support - MND South Australia-58e3a1e3cf.jpg,,,Information and Support,image/jpeg,58e3a1e3cf694d773b50d40ad2c6a4a79054013eae92c9af6d8ee830ab52f7c8,13,2026-08-31
image:a779f95c480fc7d4,support_services,02_australian_support_services,mnd-south-australia:resources-information-and-support,Information and Support - MND South Australia,MND South Australia,https://mndsa.org.au/resources/information-and-support,https://mndsa.org.au/wp-content/uploads/2026/05/health-wellness-digital-tablet-concept-300x200.jpg,C:\Users\User1\Downloads\MND DATA\images\assets\02_australian_support_services\MND South Australia\Information and Support - MND South Australia-a779f95c48.jpg,images/assets/02_australian_support_services/MND South Australia/Information and Support - MND South Australia-a779f95c48.jpg,/mnd-data/images/assets/02_australian_support_services/MND South Australia/Information and Support - MND South Australia-a779f95c48.jpg,,,Information and Support,image/jpeg,a779f95c480fc7d4eee00ae6f211f8e0c018ef1a056b5c9589b0a753d3762088,13,2026-08-31
image:ba6700e8792aba6b,support_services,02_australian_support_services,mnd-south-australia:resources-information-and-support,Information and Support - MND South Australia,MND South Australia,https://mndsa.org.au/resources/information-and-support,https://mndsa.org.au/wp-content/uploads/2026/05/health-wellness-digital-tablet-concept-1024x683.jpg,C:\Users\User1\Downloads\MND DATA\images\assets\02_australian_support_services\MND South Australia\Information and Support - MND South Australia-ba6700e879.jpg,images/assets/02_australian_support_services/MND South Australia/Information and Support - MND South Australia-ba6700e879.jpg,/mnd-data/images/assets/02_australian_support_services/MND South Australia/Information and Support - MND South Australia-ba6700e879.jpg,,,Information and Support,image/jpeg,ba6700e8792aba6bec5808301f7f183ace6563b5bb83d9177837fa1cb2c8b4f7,13,2026-08-31
image:529e9d2cdb6530a5,support_services,02_australian_support_services,mnd-south-australia:resources-information-and-support,Information and Support - MND South Australia,MND South Australia,https://mndsa.org.au/resources/information-and-support,https://mndsa.org.au/wp-content/uploads/2026/05/health-wellness-digital-tablet-concept-768x513.jpg,C:\Users\User1\Downloads\MND DATA\images\assets\02_australian_support_services\MND South Australia\Information and Support - MND South Australia-529e9d2cdb.jpg,images/assets/02_australian_support_services/MND South Australia/Information and Support - MND South Australia-529e9d2cdb.jpg,/mnd-data/images/assets/02_australian_support_services/MND South Australia/Information and Support - MND South Australia-529e9d2cdb.jpg,,,Information and Support,image/jpeg,529e9d2cdb6530a56c72c3974b71c4ad17652eda6460262c50bde2b2667a0f77,13,2026-08-31
image:348b9b8c9f58362b,support_services,02_australian_support_services,mnd-south-australia:resources-information-and-support,Information and Support - MND South Australia,MND South Australia,https://mndsa.org.au/resources/information-and-support,https://mndsa.org.au/wp-content/uploads/2026/05/health-wellness-digital-tablet-concept-1536x1025.jpg,C:\Users\User1\Downloads\MND DATA\images\assets\02_australian_support_services\MND South Australia\Information and Support - MND South Australia-348b9b8c9f.jpg,images/assets/02_australian_support_services/MND South Australia/Information and Support - MND South Australia-348b9b8c9f.jpg,/mnd-data/images/assets/02_australian_support_services/MND South Australia/Information and Support - MND South Australia-348b9b8c9f.jpg,,,Information and Support,image/jpeg,348b9b8c9f58362b8390f2871f1f09d06b482ee9914340113f5da843528a9def,13,2026-08-31
image:bca6a0283128b077,support_services,02_australian_support_services,mnd-south-australia:resources-information-and-support,Information and Support - MND South Australia,MND South Australia,https://mndsa.org.au/resources/information-and-support,https://mndsa.org.au/wp-content/uploads/2026/05/health-wellness-digital-tablet-concept-2048x1367.jpg,C:\Users\User1\Downloads\MND DATA\images\assets\02_australian_support_services\MND South Australia\Information and Support - MND South Australia-bca6a02831.jpg,images/assets/02_australian_support_services/MND South Australia/Information and Support - MND South Australia-bca6a02831.jpg,/mnd-data/images/assets/02_australian_support_services/MND South Australia/Information and Support - MND South Australia-bca6a02831.jpg,,,Information and Support,image/jpeg,bca6a0283128b07712a90f84a4453426e19cdaf931e0f1ee8a0ffa428d211a4f,13,2026-08-31
image:12dc1e31115b09f0,support_services,02_australian_support_services,mnd-south-australia:resources-information-and-support,Information and Support - MND South Australia,MND South Australia,https://mndsa.org.au/resources/information-and-support,https://mndsa.org.au/wp-content/uploads/2026/05/health-wellness-digital-tablet-concept-75x50.jpg,C:\Users\User1\Downloads\MND DATA\images\assets\02_australian_support_services\MND South Australia\Information and Support - MND South Australia-12dc1e3111.jpg,images/assets/02_australian_support_services/MND South Australia/Information and Support - MND South Australia-12dc1e3111.jpg,/mnd-data/images/assets/02_australian_support_services/MND South Australia/Information and Support - MND South Australia-12dc1e3111.jpg,,,Information and Support,image/jpeg,12dc1e31115b09f0142aeabda1c0734b1469ea263ccf5a52e9f31c3dec29a296,13,2026-08-31
image:6ec4bdc2328d2b7c,support_services,02_australian_support_services,mnd-south-australia:resources-information-and-support,Information and Support - MND South Australia,MND South Australia,https://mndsa.org.au/resources/information-and-support,https://mndsa.org.au/wp-content/uploads/2026/05/health-wellness-digital-tablet-concept-97x65.jpg,C:\Users\User1\Downloads\MND DATA\images\assets\02_australian_support_services\MND South Australia\Information and Support - MND South Australia-6ec4bdc232.jpg,images/assets/02_australian_support_services/MND South Australia/Information and Support - MND South Australia-6ec4bdc232.jpg,/mnd-data/images/assets/02_australian_support_services/MND South Australia/Information and Support - MND South Australia-6ec4bdc232.jpg,,,Information and Support,image/jpeg,6ec4bdc2328d2b7c8cb86bfb14e6b2e551d21b974550c35112401a4b78b0e872,13,2026-08-31
image:81cb1a3cda5b31fa,support_services,02_australian_support_services,mnd-western-australia:page-90-respite-options,MNDAWA - Respite Options,MND Western Australia,https://www.mndawa.asn.au/page/90/respite-options,https://mndwamndwa.blob.core.windows.net/assets/contentpage_htmlcontent/carer-respite-wide.jpg,C:\Users\User1\Downloads\MND DATA\images\assets\02_australian_support_services\MND Western Australia\MNDAWA - Respite Options-81cb1a3cda.jpg,images/assets/02_australian_support_services/MND Western Australia/MNDAWA - Respite Options-81cb1a3cda.jpg,/mnd-data/images/assets/02_australian_support_services/MND Western Australia/MNDAWA - Respite Options-81cb1a3cda.jpg,,,MNDAWA Advisors Service,image/jpg,81cb1a3cda5b31fa1ffe638f3de5feb36d9e5dc5281fd8cbbe5f1616205fff4f,13,2026-08-31
image:f395b73891a78f70,support_services,02_australian_support_services,carer-gateway:resource-carer-gateway-easy-read,Carer Gateway Easy Read Fact Sheet | Carer Gateway,Carer Gateway,https://www.carergateway.gov.au/resource/carer-gateway-easy-read,https://www.carergateway.gov.au/sites/default/files/styles/image_full_size/public/covers/1501-cover-er-fact-sheet.png?itok=WMidMxIh,C:\Users\User1\Downloads\MND DATA\images\assets\02_australian_support_services\Carer Gateway\Photo of the cover of the easy read fact sheet-f395b73891.png,images/assets/02_australian_support_services/Carer Gateway/Photo of the cover of the easy read fact sheet-f395b73891.png,/mnd-data/images/assets/02_australian_support_services/Carer Gateway/Photo of the cover of the easy read fact sheet-f395b73891.png,Photo of the cover of the easy read fact sheet,,Carer Gateway easy read fact sheet DOCX [28.31 KB],image/png,f395b73891a78f708688cc083b700dea200b4618ef6530c5548fc03de0c6fb6f,12,2026-08-31
image:1d30e2b68f07c8e5,support_services,02_australian_support_services,mnd-nsw:what-we-do-support-and-services-html,Support and Services,MND NSW,https://www.mndnsw.org.au/what-we-do/support-and-services.html,https://www.mndnsw.org.au/media/yootheme/cache/fb/supportandservicescarersupport-fb29f95a.jpg,C:\Users\User1\Downloads\MND DATA\images\assets\02_australian_support_services\MND NSW\Support and Services-1d30e2b68f.jpg,images/assets/02_australian_support_services/MND NSW/Support and Services-1d30e2b68f.jpg,/mnd-data/images/assets/02_australian_support_services/MND NSW/Support and Services-1d30e2b68f.jpg,,,Read more,image/jpeg,1d30e2b68f07c8e5041db91dfdd2d8d1d4d68e4ba4cc4165cea3aefb08d49f4c,12,2026-08-31
image:833cb5b9bcca5228,support_services,02_australian_support_services,mnd-nsw:what-we-do-support-and-services-html,Support and Services,MND NSW,https://www.mndnsw.org.au/what-we-do/support-and-services.html,https://www.mndnsw.org.au/media/yootheme/cache/1d/supportandservicescarersupport-1d4a0dbb.webp,C:\Users\User1\Downloads\MND DATA\images\assets\02_australian_support_services\MND NSW\Support and Services-833cb5b9bc.webp,images/assets/02_australian_support_services/MND NSW/Support and Services-833cb5b9bc.webp,/mnd-data/images/assets/02_australian_support_services/MND NSW/Support and Services-833cb5b9bc.webp,,,Read more,image/webp,833cb5b9bcca5228c559da0ef941fdf2b3c15c0d927414734ca86618735f757e,12,2026-08-31
image:c2bd1ab6abe1914c,support_services,02_australian_support_services,mnd-nsw:what-we-do-support-and-services-html,Support and Services,MND NSW,https://www.mndnsw.org.au/what-we-do/support-and-services.html,https://www.mndnsw.org.au/media/yootheme/cache/ed/supportandservicescarersupport-ed4aaeaa.webp,C:\Users\User1\Downloads\MND DATA\images\assets\02_australian_support_services\MND NSW\Support and Services-c2bd1ab6ab.webp,images/assets/02_australian_support_services/MND NSW/Support and Services-c2bd1ab6ab.webp,/mnd-data/images/assets/02_australian_support_services/MND NSW/Support and Services-c2bd1ab6ab.webp,,,Read more,image/webp,c2bd1ab6abe1914c1a17d257cbc686d879e2ee49416ed878658f968235af3bd1,12,2026-08-31
image:271a97ad7280100e,support_services,02_australian_support_services,mnd-nsw:what-we-do-education-html,Education,MND NSW,https://www.mndnsw.org.au/what-we-do/education.html,https://www.mndnsw.org.au/images/support_services/educationnewlydiagnosed.jpg,C:\Users\User1\Downloads\MND DATA\images\assets\02_australian_support_services\MND NSW\Education-271a97ad72.jpg,images/assets/02_australian_support_services/MND NSW/Education-271a97ad72.jpg,/mnd-data/images/assets/02_australian_support_services/MND NSW/Education-271a97ad72.jpg,,,"We offer education and information sessions about MND for people living with MND, their carers and the MND workforce.",image/jpeg,271a97ad7280100ea199a8d0cf8a373eb4f1390200c84911a0ff283fdf298fce,12,2026-08-31
image:cf6ae2d624155877,support_services,02_australian_support_services,carer-gateway:home,Homepage | Carer Gateway,Carer Gateway,https://www.carergateway.gov.au,https://www.carergateway.gov.au/sites/default/files/styles/large/public/images/2024-10/1496-2410-029-cg-website-images.jpg?itok=56Iem1j-,C:\Users\User1\Downloads\MND DATA\images\assets\02_australian_support_services\Carer Gateway\Homepage Carer Gateway-cf6ae2d624.jpg,images/assets/02_australian_support_services/Carer Gateway/Homepage Carer Gateway-cf6ae2d624.jpg,/mnd-data/images/assets/02_australian_support_services/Carer Gateway/Homepage Carer Gateway-cf6ae2d624.jpg,,,How to access supports through Carer Gateway service providers,image/jpeg,cf6ae2d624155877313651e7b053194e07078161c2b24a476abc213f3c0a5b88,11,2026-08-31
image:ee7bfc6920452bdf,support_services,02_australian_support_services,healthdirect:caring-for-others,Caring for others | healthdirect,Healthdirect Australia,https://www.healthdirect.gov.au/caring-for-others,https://media.healthdirect.org.au/images/theme_promo/w760h217/support-for-carers-of-people-with-dementia-543665.jpg,C:\Users\User1\Downloads\MND DATA\images\assets\02_australian_support_services\Healthdirect Australia\Caring for others healthdirect-ee7bfc6920.jpg,images/assets/02_australian_support_services/Healthdirect Australia/Caring for others healthdirect-ee7bfc6920.jpg,/mnd-data/images/assets/02_australian_support_services/Healthdirect Australia/Caring for others healthdirect-ee7bfc6920.jpg,,,about Respite care.,image/jpeg,ee7bfc6920452bdfc3a21aa25aca34763c9911a397acd211a3f5806e97c2de5a,11,2026-08-31
image:da0401a24c1174c0,support_services,02_australian_support_services,mnd-australia:mnd-connect-support-for-carers-family-friends-children-young-adults,Children and young adults,MND Australia,https://www.mndaustralia.org.au/mnd-connect/support-for-carers-family-friends/children-young-adults,https://www.mndaustralia.org.au/getattachment/bdb0b043-2a9e-4a14-bf00-420055133d89/Luki-theLights_image-web.png,C:\Users\User1\Downloads\MND DATA\images\assets\02_australian_support_services\MND Australia\Luki-theLights_image-web.png-da0401a24c.png,images/assets/02_australian_support_services/MND Australia/Luki-theLights_image-web.png-da0401a24c.png,/mnd-data/images/assets/02_australian_support_services/MND Australia/Luki-theLights_image-web.png-da0401a24c.png,Luki-theLights_image-web.png,,An animation to support the discussion,image/png,da0401a24c1174c02d5e29e57cdfca5a0b681afe9c8d5ebccd6d7abaa2f5d4d1,11,2026-08-31
image:b8143dc91aa35075,support_services,02_australian_support_services,mnd-western-australia:page-64-get-support,MNDAWA - Get support,MND Western Australia,https://www.mndawa.asn.au/page/64/get-support,https://mndwamndwa.blob.core.windows.net/assets/contentpage_htmlcontent/Equipment.jpg,C:\Users\User1\Downloads\MND DATA\images\assets\02_australian_support_services\MND Western Australia\MNDAWA - Get support-b8143dc91a.jpg,images/assets/02_australian_support_services/MND Western Australia/MNDAWA - Get support-b8143dc91a.jpg,/mnd-data/images/assets/02_australian_support_services/MND Western Australia/MNDAWA - Get support-b8143dc91a.jpg,,,Read more,image/jpg,b8143dc91aa350752f1a939da0c497e80ded4fcd87dcd14c7941caa78081d74c,11,2026-08-31
image:f7d45130f03a37b8,support_services,02_australian_support_services,mnd-western-australia:page-83-supports-for-providing-personal-and-general-domestic-care,MNDAWA - Supports for Providing Personal and General Domestic Care,MND Western Australia,https://www.mndawa.asn.au/page/83/supports-for-providing-personal-and-general-domestic-care,https://mndwamndwa.blob.core.windows.net/assets/contentpage_htmlcontent/domestic-care-wide.jpg,C:\Users\User1\Downloads\MND DATA\images\assets\02_australian_support_services\MND Western Australia\MNDAWA - Supports for Providing Personal and General Domestic Care-f7d45130f0.jpg,images/assets/02_australian_support_services/MND Western Australia/MNDAWA - Supports for Providing Personal and General Domestic Care-f7d45130f0.jpg,/mnd-data/images/assets/02_australian_support_services/MND Western Australia/MNDAWA - Supports for Providing Personal and General Domestic Care-f7d45130f0.jpg,,,Providing information on how to apply for funding for home help services.,image/jpg,f7d45130f03a37b8bc41fbd19ab68d6e841ffeca4a2027b5890ec1985bae8291,11,2026-08-31
image:ea29246c35afc416,support_services,02_australian_support_services,mnd-nsw:what-we-do-education-html,Education,MND NSW,https://www.mndnsw.org.au/what-we-do/education.html,https://www.mndnsw.org.au/media/yootheme/cache/fb/educationnewlydiagnosed-fb775cee.webp,C:\Users\User1\Downloads\MND DATA\images\assets\02_australian_support_services\MND NSW\Education-ea29246c35.webp,images/assets/02_australian_support_services/MND NSW/Education-ea29246c35.webp,/mnd-data/images/assets/02_australian_support_services/MND NSW/Education-ea29246c35.webp,,,"We offer education and information sessions about MND for people living with MND, their carers and the MND workforce.",image/webp,ea29246c35afc416320195afa2ecfb4f3998bcbfa64a153a805c86b0fc687186,10,2026-08-31
image:1330189a1e2f4c8c,support_services,02_australian_support_services,mnd-wa:home,MNDAWA - Home,MND Western Australia,https://www.mndawa.asn.au,https://mndwamndwa.blob.core.windows.net/assets/contentpage_htmlcontent/Carer-image-homepage.png,C:\Users\User1\Downloads\MND DATA\images\assets\02_australian_support_services\MND Western Australia\MNDAWA - Home-1330189a1e.png,images/assets/02_australian_support_services/MND Western Australia/MNDAWA - Home-1330189a1e.png,/mnd-data/images/assets/02_australian_support_services/MND Western Australia/MNDAWA - Home-1330189a1e.png,,,Carer Information,image/png,1330189a1e2f4c8c5cae3bf610b1caeab04fa8364aedda905e782b3c3a9ec297,10,2026-08-31
image:83f5da345baaa3b3,ndis_funding_benefits,03_ndis_funding_benefits,health-vic:vaep,Victorian Aids and Equipment Program guidelines | health.vic.gov.au,Victoria Department of Health,https://www.health.vic.gov.au/publications/victorian-aids-and-equipment-program-operational-policies,https://www.health.vic.gov.au/sites/default/files/2026-04/header-graphic-bottom.png,C:\Users\User1\Downloads\MND DATA\images\assets\03_ndis_funding_benefits\Victoria Department of Health\Victorian Aids and Equipment Program guidelines Word 401.54 KB (opens in a new window)-83f5da345b.png,images/assets/03_ndis_funding_benefits/Victoria Department of Health/Victorian Aids and Equipment Program guidelines Word 401.54 KB (opens in a new window)-83f5da345b.png,/mnd-data/images/assets/03_ndis_funding_benefits/Victoria Department of Health/Victorian Aids and Equipment Program guidelines Word 401.54 KB (opens in a new window)-83f5da345b.png,,Victorian Aids and Equipment Program guidelines Word 401.54 KB (opens in a new window),Victorian Aids and Equipment Program guidelines,image/png,83f5da345baaa3b37973d543c71b4b634504f4d56166133444b97bd79145701d,12,2026-08-31
image:168b7687e8e32433,ndis_funding_benefits,03_ndis_funding_benefits,my-aged-care:should-i-apply,Should I apply? | My Aged Care,My Aged Care,https://www.myagedcare.gov.au/should-i-apply,https://www.myagedcare.gov.au/sites/default/files/2025-06/situation_person-using-tablet.svg,C:\Users\User1\Downloads\MND DATA\images\assets\03_ndis_funding_benefits\My Aged Care\Should I apply My Aged Care-168b7687e8.jpg,images/assets/03_ndis_funding_benefits/My Aged Care/Should I apply My Aged Care-168b7687e8.jpg,/mnd-data/images/assets/03_ndis_funding_benefits/My Aged Care/Should I apply My Aged Care-168b7687e8.jpg,,,homeless or at risk of homelessness and aged 50 or older.,image/svg+xml,168b7687e8e324336f3363a7dfb44fbdef655ff47fe1f1fc39299e1c70cc6b7b,10,2026-08-31
image:3433a982effbebd9,equipment_assistive_technology,04_equipment_assistive_technology,flexequip:product-library-armchairs-one-off-specialised-armchairs-for-flexequip-ndis-bundle-participants-only,One-Off specialised armchairs for FlexEquip NDIS Bundle Participants Only,FlexEquip,https://flexequip.com.au/product-library/armchairs/one-off-specialised-armchairs-for-flexequip-ndis-bundle-participants-only,https://flexequip.com.au/images/com_eshop/products/resized/EQ7449%20Shower%20Buddy%20SP%20commode%20SB6w-cr-600x600.png,C:\Users\User1\Downloads\MND DATA\images\assets\04_equipment_assistive_technology\FlexEquip\Shower commode - Self Propelled – Shower Buddy - EQ7449-3433a982ef.png,images/assets/04_equipment_assistive_technology/FlexEquip/Shower commode - Self Propelled – Shower Buddy - EQ7449-3433a982ef.png,/mnd-data/images/assets/04_equipment_assistive_technology/FlexEquip/Shower commode - Self Propelled – Shower Buddy - EQ7449-3433a982ef.png,Shower commode - Self Propelled – Shower Buddy - EQ7449,,Electric wheelchair basic - rear wheel drive Whill Model C - EQ6984,image/png,3433a982effbebd932e863e35abef59948d47c71a06254c2339c4f3fa7982613,35,2026-08-31
image:08d6706d6b5ef135,equipment_assistive_technology,04_equipment_assistive_technology,flexequip:product-library-bathroom-bedside-commode-chair,Bedside commode chair,FlexEquip,https://flexequip.com.au/product-library/bathroom/bedside-commode-chair,https://flexequip.com.au/images/com_eshop/products/resized/bedside-commode-deluxe-closed-cr-600x600.jpg,C:\Users\User1\Downloads\MND DATA\images\assets\04_equipment_assistive_technology\FlexEquip\Bedside commode chair-08d6706d6b.jpg,images/assets/04_equipment_assistive_technology/FlexEquip/Bedside commode chair-08d6706d6b.jpg,/mnd-data/images/assets/04_equipment_assistive_technology/FlexEquip/Bedside commode chair-08d6706d6b.jpg,Bedside commode chair,,Eshop.jQuery(function ($) { $(document).ready(function () { changeLayout('grid'); }); });,image/jpeg,08d6706d6b5ef135aa3c10aa4d0dad749eb96546cb89335ca37637cf58bdb312,32,2026-08-31
image:46179b0af18503ba,equipment_assistive_technology,04_equipment_assistive_technology,flexequip:product-library-beds-and-bed-equipment,Beds and bed equipment,FlexEquip,https://flexequip.com.au/product-library/beds-and-bed-equipment,https://flexequip.com.au/images/com_eshop/products/resized/Foam%20Mattress%20Eurocare%20Dynamic%20-cr-600x600.jpg,C:\Users\User1\Downloads\MND DATA\images\assets\04_equipment_assistive_technology\FlexEquip\Mattress - foam medical grade-46179b0af1.jpg,images/assets/04_equipment_assistive_technology/FlexEquip/Mattress - foam medical grade-46179b0af1.jpg,/mnd-data/images/assets/04_equipment_assistive_technology/FlexEquip/Mattress - foam medical grade-46179b0af1.jpg,Mattress - foam medical grade,,Bedside commode chair,image/jpeg,46179b0af18503ba2a120d2506c015b53ceb8d150f51a76c575b2c39f5c28bf8,32,2026-08-31
image:6ed1e5cdfd373222,equipment_assistive_technology,04_equipment_assistive_technology,flexequip:product-library-mobility-electric-wheelchairs-one-off,One-Off specialised electric wheelchairs for FlexEquip NDIS Bundle Participants Only,FlexEquip,https://flexequip.com.au/product-library/mobility/electric-wheelchairs/one-off,https://flexequip.com.au/images/com_eshop/products/resized/EQ6666%20Majib%20Mobility%20360%20pic1%20edited-cr-600x600.jpg,C:\Users\User1\Downloads\MND DATA\images\assets\04_equipment_assistive_technology\FlexEquip\Electric wheelchair tilt-in-space - mid wheel drive Magic Mobility 360 EQ6666-6ed1e5cdfd.jpg,images/assets/04_equipment_assistive_technology/FlexEquip/Electric wheelchair tilt-in-space - mid wheel drive Magic Mobility 360 EQ6666-6ed1e5cdfd.jpg,/mnd-data/images/assets/04_equipment_assistive_technology/FlexEquip/Electric wheelchair tilt-in-space - mid wheel drive Magic Mobility 360 EQ6666-6ed1e5cdfd.jpg,Electric wheelchair tilt-in-space - mid wheel drive Magic Mobility 360 EQ6666,,Electric wheelchair tilt-in-space - mid wheel drive Permobil M3 Corpus EQ6303,image/jpeg,6ed1e5cdfd3732226e2f6221ad5d9e54cac2f31c8f3bc074a5b114b83ce735ac,31,2026-08-31
image:dbfcb4b035e747cd,equipment_assistive_technology,04_equipment_assistive_technology,flexequip:product-library-communication-eye-gaze-equipment-for-mnd-participants-eye-gaze-mounting-systems,Eye gaze - mounting systems,FlexEquip,https://flexequip.com.au/product-library/communication/eye-gaze-equipment-for-mnd-participants/eye-gaze-mounting-systems,https://flexequip.com.au/images/com_eshop/products/resized/Daisy%20WC%20mount%201%20edited%20Copy%20Copy-cr-600x600.jpg,C:\Users\User1\Downloads\MND DATA\images\assets\04_equipment_assistive_technology\FlexEquip\Wheelchair Mount - Daessy Mini Folding Mount - EQ6401-dbfcb4b035.jpg,images/assets/04_equipment_assistive_technology/FlexEquip/Wheelchair Mount - Daessy Mini Folding Mount - EQ6401-dbfcb4b035.jpg,/mnd-data/images/assets/04_equipment_assistive_technology/FlexEquip/Wheelchair Mount - Daessy Mini Folding Mount - EQ6401-dbfcb4b035.jpg,Wheelchair Mount - Daessy Mini Folding Mount - EQ6401,,Eye Gaze Mount - Rehadapt FS TeleLock - EQ6302,image/jpeg,dbfcb4b035e747cdda0e76b067552f3340466373ae12a84772597975b015eb32,30,2026-08-31
image:3264ccd38f865e30,equipment_assistive_technology,04_equipment_assistive_technology,flexequip:product-library-communication-eye-gaze-equipment-for-mnd-participants-eye-gaze-mounting-systems,Eye gaze - mounting systems,FlexEquip,https://flexequip.com.au/product-library/communication/eye-gaze-equipment-for-mnd-participants/eye-gaze-mounting-systems,https://flexequip.com.au/images/com_eshop/products/resized/EQ6302%20Rehadapt%20FS%20Telelock%20floor%20mount%20pic%20Copy%20Copy%20Copy-cr-600x600.jpg,C:\Users\User1\Downloads\MND DATA\images\assets\04_equipment_assistive_technology\FlexEquip\Eye Gaze Mount - Rehadapt FS TeleLock - EQ6643-3264ccd38f.jpg,images/assets/04_equipment_assistive_technology/FlexEquip/Eye Gaze Mount - Rehadapt FS TeleLock - EQ6643-3264ccd38f.jpg,/mnd-data/images/assets/04_equipment_assistive_technology/FlexEquip/Eye Gaze Mount - Rehadapt FS TeleLock - EQ6643-3264ccd38f.jpg,Eye Gaze Mount - Rehadapt FS TeleLock - EQ6643,,Wheelchair Mount - Daessy Mini Folding Mount - EQ6401,image/jpeg,3264ccd38f865e307ba4f6a1d9d418c62e45d2190bd90f720810d7f1fb6dcdad,30,2026-08-31
image:97dae081240f1265,equipment_assistive_technology,04_equipment_assistive_technology,flexequip:product-library-mobility,Mobility,FlexEquip,https://flexequip.com.au/product-library/mobility,https://flexequip.com.au/images/com_eshop/categories/resized/elec-wchair-combo3.3-cr-500x500.jpg,C:\Users\User1\Downloads\MND DATA\images\assets\04_equipment_assistive_technology\FlexEquip\Electric wheelchairs-97dae08124.jpg,images/assets/04_equipment_assistive_technology/FlexEquip/Electric wheelchairs-97dae08124.jpg,/mnd-data/images/assets/04_equipment_assistive_technology/FlexEquip/Electric wheelchairs-97dae08124.jpg,Electric wheelchairs,,Mobility,image/jpeg,97dae081240f126558f747fb3bd17b2cbfdcdbf397b3e55b6d9176c36d70171b,30,2026-08-31
image:813f3ee766d84e9c,equipment_assistive_technology,04_equipment_assistive_technology,flexequip:product-library-mobility,Mobility,FlexEquip,https://flexequip.com.au/product-library/mobility,https://flexequip.com.au/images/com_eshop/categories/resized/Ramp-Decpac-sizes-with-barriersq-cr-500x500.jpg,C:\Users\User1\Downloads\MND DATA\images\assets\04_equipment_assistive_technology\FlexEquip\Portable ramps-813f3ee766.jpg,images/assets/04_equipment_assistive_technology/FlexEquip/Portable ramps-813f3ee766.jpg,/mnd-data/images/assets/04_equipment_assistive_technology/FlexEquip/Portable ramps-813f3ee766.jpg,Portable ramps,,One-Off specialised wheelchair accessory for FlexEquip NDIS Bundle Participants Only,image/jpeg,813f3ee766d84e9c990830d806895eb83dfd267c5b26c88db1f22ad0356c9888,30,2026-08-31
image:6a82ae01510fe1c7,equipment_assistive_technology,04_equipment_assistive_technology,flexequip:product-library-bathroom,Bathroom,FlexEquip,https://flexequip.com.au/product-library/bathroom,https://flexequip.com.au/images/com_eshop/categories/resized/bedside-commode-deluxe-closed-cr-500x500.jpg,C:\Users\User1\Downloads\MND DATA\images\assets\04_equipment_assistive_technology\FlexEquip\Bedside commode chair-6a82ae0151.jpg,images/assets/04_equipment_assistive_technology/FlexEquip/Bedside commode chair-6a82ae0151.jpg,/mnd-data/images/assets/04_equipment_assistive_technology/FlexEquip/Bedside commode chair-6a82ae0151.jpg,Bedside commode chair,,Bathroom,image/jpeg,6a82ae01510fe1c7a86472ce2aa418628fad33cb5567edeb57a6dfd50ecbd660,29,2026-08-31
image:4165d9003fd6d0c2,equipment_assistive_technology,04_equipment_assistive_technology,flexequip:product-library-bathroom,Bathroom,FlexEquip,https://flexequip.com.au/product-library/bathroom,https://flexequip.com.au/images/com_eshop/categories/resized/Combo-OT-TSurroundsq-cr-500x500.jpg,C:\Users\User1\Downloads\MND DATA\images\assets\04_equipment_assistive_technology\FlexEquip\Over toilet aid Toilet surround-4165d9003f.jpg,images/assets/04_equipment_assistive_technology/FlexEquip/Over toilet aid Toilet surround-4165d9003f.jpg,/mnd-data/images/assets/04_equipment_assistive_technology/FlexEquip/Over toilet aid Toilet surround-4165d9003f.jpg,Over toilet aid/Toilet surround,,Bedside commode chair,image/jpeg,4165d9003fd6d0c29ec0b6b2beb5c24552eb8a8530d432ed17461ca75a012554,29,2026-08-31
image:c156c4481d5805d7,equipment_assistive_technology,04_equipment_assistive_technology,flexequip:product-library-bathroom,Bathroom,FlexEquip,https://flexequip.com.au/product-library/bathroom,https://flexequip.com.au/images/com_eshop/categories/resized/Combo-Scommode%20sq2-cr-500x500.jpg,C:\Users\User1\Downloads\MND DATA\images\assets\04_equipment_assistive_technology\FlexEquip\Shower commode-c156c4481d.jpg,images/assets/04_equipment_assistive_technology/FlexEquip/Shower commode-c156c4481d.jpg,/mnd-data/images/assets/04_equipment_assistive_technology/FlexEquip/Shower commode-c156c4481d.jpg,Shower commode,,Shower chair/Shower stool,image/jpeg,c156c4481d5805d7fbece7f16abb80a406bd3a2242f51e186a5df1a75aa8d096,29,2026-08-31
image:17ff5bf41ca01ebc,equipment_assistive_technology,04_equipment_assistive_technology,flexequip:product-library-one-off-specialised-equipment-for-flexequip-ndis-bundle-participants-only,One-Off specialised equipment for FlexEquip NDIS Bundle Participants Only,FlexEquip,https://flexequip.com.au/product-library/one-off-specialised-equipment-for-flexequip-ndis-bundle-participants-only,https://flexequip.com.au/images/com_eshop/products/resized/EQ7093%202%20in%201%20walker-cr-600x600.png,C:\Users\User1\Downloads\MND DATA\images\assets\04_equipment_assistive_technology\FlexEquip\Airgo Fusion 2 1 Seat Walker & Wheelchair EQ7094-17ff5bf41c.png,images/assets/04_equipment_assistive_technology/FlexEquip/Airgo Fusion 2 1 Seat Walker & Wheelchair EQ7094-17ff5bf41c.png,/mnd-data/images/assets/04_equipment_assistive_technology/FlexEquip/Airgo Fusion 2 1 Seat Walker & Wheelchair EQ7094-17ff5bf41c.png,Airgo Fusion 2:1 Seat Walker & Wheelchair EQ7094,,AbleNet LITTLEmack - EQ7242,image/png,17ff5bf41ca01ebcc77a859fc06f505cf4f728220ea31a86d019cccc6b7581b9,29,2026-08-31
image:13d4c76af9b5e144,equipment_assistive_technology,04_equipment_assistive_technology,flexequip:product-library-one-off-specialised-equipment-for-flexequip-ndis-bundle-participants-only,One-Off specialised equipment for FlexEquip NDIS Bundle Participants Only,FlexEquip,https://flexequip.com.au/product-library/one-off-specialised-equipment-for-flexequip-ndis-bundle-participants-only,https://flexequip.com.au/images/com_eshop/products/resized/EQ6706%20Allegro%20Large%20sling%20edited-cr-600x600.jpg,C:\Users\User1\Downloads\MND DATA\images\assets\04_equipment_assistive_technology\FlexEquip\Allegro Standing Sling - Large - EQ6706-13d4c76af9.jpg,images/assets/04_equipment_assistive_technology/FlexEquip/Allegro Standing Sling - Large - EQ6706-13d4c76af9.jpg,/mnd-data/images/assets/04_equipment_assistive_technology/FlexEquip/Allegro Standing Sling - Large - EQ6706-13d4c76af9.jpg,Allegro Standing Sling - Large - EQ6706,,Airgo Fusion 2:1 Seat Walker & Wheelchair EQ7094,image/jpeg,13d4c76af9b5e144929901e8db1c21bdb279682acad401adbbe79d20d140a814,29,2026-08-31
image:fd36bda311d2ec29,equipment_assistive_technology,04_equipment_assistive_technology,flexequip:product-library-bathroom-shower-commode-tilt-in-space-copy,Shower commode,FlexEquip,https://flexequip.com.au/product-library/bathroom/shower-commode-tilt-in-space-copy,https://flexequip.com.au/images/com_eshop/categories/resized/Scomm-SP2-cr-500x500.jpeg,C:\Users\User1\Downloads\MND DATA\images\assets\04_equipment_assistive_technology\FlexEquip\Shower commode - self propelled-fd36bda311.jpeg,images/assets/04_equipment_assistive_technology/FlexEquip/Shower commode - self propelled-fd36bda311.jpeg,/mnd-data/images/assets/04_equipment_assistive_technology/FlexEquip/Shower commode - self propelled-fd36bda311.jpeg,Shower commode - self propelled,,Shower commode - attendant,image/jpeg,fd36bda311d2ec29427cb37060b696b3b7b429bd45b9b2700b0535c46f0f7572,28,2026-08-31
image:2efc95fb4478ddad,equipment_assistive_technology,04_equipment_assistive_technology,flexequip:product-library-bathroom-shower-commode-tilt-in-space-copy-shower-commodes-copy,Shower commode - attendant,FlexEquip,https://flexequip.com.au/product-library/bathroom/shower-commode-tilt-in-space-copy/shower-commodes-copy,https://flexequip.com.au/images/com_eshop/products/resized/Scomm-att2sq-cr-600x600.jpg,C:\Users\User1\Downloads\MND DATA\images\assets\04_equipment_assistive_technology\FlexEquip\Shower commode - attendant - KCare-2efc95fb44.jpg,images/assets/04_equipment_assistive_technology/FlexEquip/Shower commode - attendant - KCare-2efc95fb44.jpg,/mnd-data/images/assets/04_equipment_assistive_technology/FlexEquip/Shower commode - attendant - KCare-2efc95fb44.jpg,Shower commode - attendant - KCare,,Shower commode - attendant - Aquatec,image/jpeg,2efc95fb4478ddad7431eea265f282a916eb79353e1ddc6f035d0df950214c79,28,2026-08-31
image:76a59e071dd2d3ad,equipment_assistive_technology,04_equipment_assistive_technology,flexequip:product-library-bathroom-shower-commode-tilt-in-space-copy-shower-commodes-copy,Shower commode - attendant,FlexEquip,https://flexequip.com.au/product-library/bathroom/shower-commode-tilt-in-space-copy/shower-commodes-copy,https://flexequip.com.au/images/com_eshop/products/resized/Aquatec%20soft%20seat%20insert-cr-600x600.png,C:\Users\User1\Downloads\MND DATA\images\assets\04_equipment_assistive_technology\FlexEquip\Shower Commode Accessory - Aquatec Soft Backrest Insert-76a59e071d.png,images/assets/04_equipment_assistive_technology/FlexEquip/Shower Commode Accessory - Aquatec Soft Backrest Insert-76a59e071d.png,/mnd-data/images/assets/04_equipment_assistive_technology/FlexEquip/Shower Commode Accessory - Aquatec Soft Backrest Insert-76a59e071d.png,Shower Commode Accessory - Aquatec Soft Backrest Insert,,Shower commode - attendant - KCare,image/png,76a59e071dd2d3adead8a9eab1ed81a55b8a3f83f208d5b33bb468da97cff4d4,28,2026-08-31
image:9eefdef2b379b5b4,equipment_assistive_technology,04_equipment_assistive_technology,flexequip:product-library-bathroom-shower-commode-tilt-in-space-copy-shower-commode-self-propelled,Shower commode - self propelled,FlexEquip,https://flexequip.com.au/product-library/bathroom/shower-commode-tilt-in-space-copy/shower-commode-self-propelled,https://flexequip.com.au/images/com_eshop/products/resized/shower-commode-self-propelling-c-cr-600x600.jpeg,C:\Users\User1\Downloads\MND DATA\images\assets\04_equipment_assistive_technology\FlexEquip\Shower commode - self-propelled-9eefdef2b3.jpeg,images/assets/04_equipment_assistive_technology/FlexEquip/Shower commode - self-propelled-9eefdef2b3.jpeg,/mnd-data/images/assets/04_equipment_assistive_technology/FlexEquip/Shower commode - self-propelled-9eefdef2b3.jpeg,Shower commode - self-propelled,,Eshop.jQuery(function ($) { $(document).ready(function () { changeLayout('grid'); }); });,image/jpeg,9eefdef2b379b5b4e6ee29e3d715726c16c6eaede7d2015fd181a68aeb1cf4e3,28,2026-08-31
image:cbd9b2d04475957c,equipment_assistive_technology,04_equipment_assistive_technology,flexequip:product-library-bathroom-shower-commode-tilt-in-space-copy-shower-commodes,Shower commode - tilt in space,FlexEquip,https://flexequip.com.au/product-library/bathroom/shower-commode-tilt-in-space-copy/shower-commodes,https://flexequip.com.au/images/com_eshop/products/resized/Scomm-TIS-KCare6-cr-600x600.jpg,C:\Users\User1\Downloads\MND DATA\images\assets\04_equipment_assistive_technology\FlexEquip\Shower commode - tilt-in-space - KCare-cbd9b2d044.jpg,images/assets/04_equipment_assistive_technology/FlexEquip/Shower commode - tilt-in-space - KCare-cbd9b2d044.jpg,/mnd-data/images/assets/04_equipment_assistive_technology/FlexEquip/Shower commode - tilt-in-space - KCare-cbd9b2d044.jpg,Shower commode - tilt-in-space - KCare,,Shower commode - tilt-in-space - Aquatec,image/jpeg,cbd9b2d04475957c165e322d1dbc3768083ea920af716002df3e80c75fe4b8ca,28,2026-08-31
image:b95bb8a7970dd999,equipment_assistive_technology,04_equipment_assistive_technology,flexequip:product-library-communication-eye-gaze-equipment-for-mnd-participants,Eye gaze equipment for MND participants,FlexEquip,https://flexequip.com.au/product-library/communication/eye-gaze-equipment-for-mnd-participants,https://flexequip.com.au/images/com_eshop/categories/resized/EyeR-usb-cr-500x500.jpg,C:\Users\User1\Downloads\MND DATA\images\assets\04_equipment_assistive_technology\FlexEquip\Eye gaze - environmental control units-b95bb8a797.jpg,images/assets/04_equipment_assistive_technology/FlexEquip/Eye gaze - environmental control units-b95bb8a797.jpg,/mnd-data/images/assets/04_equipment_assistive_technology/FlexEquip/Eye gaze - environmental control units-b95bb8a797.jpg,Eye gaze - environmental control units,,Eye gaze equipment for MND participants,image/jpeg,b95bb8a7970dd9999ee841a7aa5d021b0d40748e59e356b3c90234d52c047729,28,2026-08-31
image:4f17dc5d95ef94cc,equipment_assistive_technology,04_equipment_assistive_technology,flexequip:product-library-mobility-wheelchair-accessory-miscellaneous,One-Off specialised wheelchair accessory for FlexEquip NDIS Bundle Participants Only,FlexEquip,https://flexequip.com.au/product-library/mobility/wheelchair-accessory-miscellaneous,https://flexequip.com.au/images/com_eshop/products/resized/EQ6086%20Savant%20headrest%20pic%205%20edited-cr-600x600.jpg,C:\Users\User1\Downloads\MND DATA\images\assets\04_equipment_assistive_technology\FlexEquip\Wheelchair Accessory - Savant Head Support Small - EQ6086-4f17dc5d95.jpg,images/assets/04_equipment_assistive_technology/FlexEquip/Wheelchair Accessory - Savant Head Support Small - EQ6086-4f17dc5d95.jpg,/mnd-data/images/assets/04_equipment_assistive_technology/FlexEquip/Wheelchair Accessory - Savant Head Support Small - EQ6086-4f17dc5d95.jpg,Wheelchair Accessory - Savant Head Support Small - EQ6086,,Wheelchair accessory - Mo-Vis Chin Control - EQ56035,image/jpeg,4f17dc5d95ef94cc7e2d1b34e94aa49a6e3cfea6c00e5d496941e9b447fd3306,28,2026-08-31
image:40b674813c2b3ff4,equipment_assistive_technology,04_equipment_assistive_technology,flexequip:product-library-mobility-wheelchair-accessory-miscellaneous,One-Off specialised wheelchair accessory for FlexEquip NDIS Bundle Participants Only,FlexEquip,https://flexequip.com.au/product-library/mobility/wheelchair-accessory-miscellaneous,https://flexequip.com.au/images/com_eshop/products/resized/EQ6753%20Bodypoint%20modular%20armrests%20set%20edited-cr-600x600.jpg,C:\Users\User1\Downloads\MND DATA\images\assets\04_equipment_assistive_technology\FlexEquip\Wheelchair Accessory - Bodypoint Modular Arm Supports - EQ6753-40b674813c.jpg,images/assets/04_equipment_assistive_technology/FlexEquip/Wheelchair Accessory - Bodypoint Modular Arm Supports - EQ6753-40b674813c.jpg,/mnd-data/images/assets/04_equipment_assistive_technology/FlexEquip/Wheelchair Accessory - Bodypoint Modular Arm Supports - EQ6753-40b674813c.jpg,Wheelchair Accessory - Bodypoint Modular Arm Supports - EQ6753,,Wheelchair Accessory - Savant Head Support Small - EQ6086,image/jpeg,40b674813c2b3ff4684a9071509c8470e4df701f652456ddf14d554be7bfd88b,28,2026-08-31
image:5e12716bdc436e40,equipment_assistive_technology,04_equipment_assistive_technology,flexequip:product-library-pressure-care,Pressure care,FlexEquip,https://flexequip.com.au/product-library/pressure-care,https://flexequip.com.au/images/com_eshop/products/resized/image_63e060fded3a6_Armchair-4sq-cr-600x600.jpg,C:\Users\User1\Downloads\MND DATA\images\assets\04_equipment_assistive_technology\FlexEquip\Armchair overlay - pressure care-5e12716bdc.jpg,images/assets/04_equipment_assistive_technology/FlexEquip/Armchair overlay - pressure care-5e12716bdc.jpg,/mnd-data/images/assets/04_equipment_assistive_technology/FlexEquip/Armchair overlay - pressure care-5e12716bdc.jpg,Armchair overlay - pressure care ,,Eshop.jQuery(function ($) { $(document).ready(function () { changeLayout('grid'); }); });,image/jpeg,5e12716bdc436e40fca3c9a50714b5b74036e5799e835c7252f76e760078c6ec,28,2026-08-31
image:9f385f6fee018df7,equipment_assistive_technology,04_equipment_assistive_technology,flexequip:product-library-pressure-care,Pressure care,FlexEquip,https://flexequip.com.au/product-library/pressure-care,https://flexequip.com.au/images/com_eshop/products/resized/armchair-RR-air-comfort-2-cr-1000x1000-cr-600x600.jpg,C:\Users\User1\Downloads\MND DATA\images\assets\04_equipment_assistive_technology\FlexEquip\Electric raiser recliner - pressure care-9f385f6fee.jpg,images/assets/04_equipment_assistive_technology/FlexEquip/Electric raiser recliner - pressure care-9f385f6fee.jpg,/mnd-data/images/assets/04_equipment_assistive_technology/FlexEquip/Electric raiser recliner - pressure care-9f385f6fee.jpg,Electric raiser recliner - pressure care,,Armchair overlay - pressure care,image/jpeg,9f385f6fee018df764613b256b784b823f049cd9c790561afa7e5fb5ef51b4ae,28,2026-08-31
image:4a3096305beb9d67,equipment_assistive_technology,04_equipment_assistive_technology,flexequip:product-library-armchairs-one-off-specialised-armchairs-for-flexequip-ndis-bundle-participants-only,One-Off specialised armchairs for FlexEquip NDIS Bundle Participants Only,FlexEquip,https://flexequip.com.au/product-library/armchairs/one-off-specialised-armchairs-for-flexequip-ndis-bundle-participants-only,https://flexequip.com.au/images/com_eshop/products/resized/EQ6983%20and%20EQ6984%20Whill%20C2%20PWC%20pic%201%20edited%20Copy-cr-600x600.jpg,C:\Users\User1\Downloads\MND DATA\images\assets\04_equipment_assistive_technology\FlexEquip\Electric wheelchair basic - rear wheel drive Whill Model C - EQ6984-4a3096305b.jpg,images/assets/04_equipment_assistive_technology/FlexEquip/Electric wheelchair basic - rear wheel drive Whill Model C - EQ6984-4a3096305b.jpg,/mnd-data/images/assets/04_equipment_assistive_technology/FlexEquip/Electric wheelchair basic - rear wheel drive Whill Model C - EQ6984-4a3096305b.jpg,Electric wheelchair basic - rear wheel drive Whill Model C - EQ6984,,ResMed homecare stand - EQ6981,image/jpeg,4a3096305beb9d67b60e1cdd6a9b69cd32ee75b8ecbffb9ab42b28e6a92fed76,27,2026-08-31
image:9e6338f8e74d7ac0,equipment_assistive_technology,04_equipment_assistive_technology,flexequip:product-library-communication,Communication,FlexEquip,https://flexequip.com.au/product-library/communication,https://flexequip.com.au/images/com_eshop/categories/resized/switch-adaped-door-sq1-cr-500x500.JPG,C:\Users\User1\Downloads\MND DATA\images\assets\04_equipment_assistive_technology\FlexEquip\Call devices-9e6338f8e7.jpg,images/assets/04_equipment_assistive_technology/FlexEquip/Call devices-9e6338f8e7.jpg,/mnd-data/images/assets/04_equipment_assistive_technology/FlexEquip/Call devices-9e6338f8e7.jpg,Call devices,,Communication,image/jpeg,9e6338f8e74d7ac07a90f1e8d11443ebfad7827d0f462a6ac52eb66dbadb0142,27,2026-08-31
image:e0cb0bb2ad8901e2,equipment_assistive_technology,04_equipment_assistive_technology,flexequip:product-library-communication,Communication,FlexEquip,https://flexequip.com.au/product-library/communication,https://flexequip.com.au/images/com_eshop/categories/resized/EyeMobile2a-cr-500x500.png,C:\Users\User1\Downloads\MND DATA\images\assets\04_equipment_assistive_technology\FlexEquip\Eye gaze equipment for MND participants-e0cb0bb2ad.png,images/assets/04_equipment_assistive_technology/FlexEquip/Eye gaze equipment for MND participants-e0cb0bb2ad.png,/mnd-data/images/assets/04_equipment_assistive_technology/FlexEquip/Eye gaze equipment for MND participants-e0cb0bb2ad.png,Eye gaze equipment for MND participants ,,Environmental control units,image/png,e0cb0bb2ad8901e20ea26b7cde8a003411e0f103a7dde709996940abeb540366,27,2026-08-31
image:4bd29dd7c88cd2cb,equipment_assistive_technology,04_equipment_assistive_technology,flexequip:product-library-communication,Communication,FlexEquip,https://flexequip.com.au/product-library/communication,https://flexequip.com.au/images/com_eshop/categories/resized/Combined%20headset%20image-cr-500x500.jpg,C:\Users\User1\Downloads\MND DATA\images\assets\04_equipment_assistive_technology\FlexEquip\Headsets-4bd29dd7c8.jpg,images/assets/04_equipment_assistive_technology/FlexEquip/Headsets-4bd29dd7c8.jpg,/mnd-data/images/assets/04_equipment_assistive_technology/FlexEquip/Headsets-4bd29dd7c8.jpg,Headsets,,Eye gaze equipment for MND participants,image/jpeg,4bd29dd7c88cd2cbec734b03f33d9865ec220b5017b66fb4cf232ce0b326d6b4,27,2026-08-31
image:bc2456570c0ac0b9,equipment_assistive_technology,04_equipment_assistive_technology,flexequip:product-library,FlexEquip Product Library,FlexEquip,https://flexequip.com.au/product-library,https://flexequip.com.au/images/com_eshop/categories/resized/CommsCombo-cr-500x500.png,C:\Users\User1\Downloads\MND DATA\images\assets\04_equipment_assistive_technology\FlexEquip\Communication-bc2456570c.png,images/assets/04_equipment_assistive_technology/FlexEquip/Communication-bc2456570c.png,/mnd-data/images/assets/04_equipment_assistive_technology/FlexEquip/Communication-bc2456570c.png,Communication,,Beds and bed equipment,image/png,bc2456570c0ac0b950c6d0be91dcf201eb60445a8465465f740e57e776b0b6ca,26,2026-08-31
image:21dae4cc2ba02671,equipment_assistive_technology,04_equipment_assistive_technology,flexequip:product-library,FlexEquip Product Library,FlexEquip,https://flexequip.com.au/product-library,https://flexequip.com.au/images/com_eshop/categories/resized/PressureCare-Combo-cr-500x500.jpg,C:\Users\User1\Downloads\MND DATA\images\assets\04_equipment_assistive_technology\FlexEquip\Pressure care-21dae4cc2b.jpg,images/assets/04_equipment_assistive_technology/FlexEquip/Pressure care-21dae4cc2b.jpg,/mnd-data/images/assets/04_equipment_assistive_technology/FlexEquip/Pressure care-21dae4cc2b.jpg,Pressure care,,One-Off specialised equipment for FlexEquip NDIS Bundle Participants Only,image/jpeg,21dae4cc2ba026710b0b54190a0957ccd29dc70b38ad82f1dda1f0ab149c0777,26,2026-08-31
image:f898e75187e7755e,equipment_assistive_technology,04_equipment_assistive_technology,flexequip:product-library,FlexEquip Product Library,FlexEquip,https://flexequip.com.au/product-library,https://flexequip.com.au/images/com_eshop/categories/resized/table-over-chair-large%203-cr-500x500.jpg,C:\Users\User1\Downloads\MND DATA\images\assets\04_equipment_assistive_technology\FlexEquip\Tables-f898e75187.jpg,images/assets/04_equipment_assistive_technology/FlexEquip/Tables-f898e75187.jpg,/mnd-data/images/assets/04_equipment_assistive_technology/FlexEquip/Tables-f898e75187.jpg,Tables,,Pressure care,image/jpeg,f898e75187e7755e0d1605b36e51d6e31cfc29d6524ddcc77ef87dcda970a190,26,2026-08-31
image:e28b1c96fe564f08,equipment_assistive_technology,04_equipment_assistive_technology,flexequip:product-library-bathroom-shower-chair-shower-stool,Shower chair/Shower stool,FlexEquip,https://flexequip.com.au/product-library/bathroom/shower-chair-shower-stool,https://flexequip.com.au/images/com_eshop/products/resized/Shower-chair%203-cr-600x600.jpg,C:\Users\User1\Downloads\MND DATA\images\assets\04_equipment_assistive_technology\FlexEquip\Shower chair-e28b1c96fe.jpg,images/assets/04_equipment_assistive_technology/FlexEquip/Shower chair-e28b1c96fe.jpg,/mnd-data/images/assets/04_equipment_assistive_technology/FlexEquip/Shower chair-e28b1c96fe.jpg,Shower chair,,Eshop.jQuery(function ($) { $(document).ready(function () { changeLayout('grid'); }); });,image/jpeg,e28b1c96fe564f08c796b9b90c837087c05b5e6ffee2d45d71683f492c737650,26,2026-08-31
image:c372e4dd88b6e0ee,equipment_assistive_technology,04_equipment_assistive_technology,flexequip:product-library-bathroom-shower-chair-shower-stool,Shower chair/Shower stool,FlexEquip,https://flexequip.com.au/product-library/bathroom/shower-chair-shower-stool,https://flexequip.com.au/images/com_eshop/products/resized/shower-stool2-cr-600x600.png,C:\Users\User1\Downloads\MND DATA\images\assets\04_equipment_assistive_technology\FlexEquip\Shower stool-c372e4dd88.png,images/assets/04_equipment_assistive_technology/FlexEquip/Shower stool-c372e4dd88.png,/mnd-data/images/assets/04_equipment_assistive_technology/FlexEquip/Shower stool-c372e4dd88.png,Shower stool,,Shower chair,image/png,c372e4dd88b6e0eef2e11fe38df0cb1ba66ac9a5ebed4023888f3d85423559e1,26,2026-08-31
image:eb3a0cbfdabb6ee9,equipment_assistive_technology,04_equipment_assistive_technology,flexequip:product-library-bathroom-shower-commode-tilt-in-space-copy,Shower commode,FlexEquip,https://flexequip.com.au/product-library/bathroom/shower-commode-tilt-in-space-copy,https://flexequip.com.au/images/com_eshop/categories/resized/Combo-ScommATTsq-cr-500x500.jpg,C:\Users\User1\Downloads\MND DATA\images\assets\04_equipment_assistive_technology\FlexEquip\Shower commode - attendant-eb3a0cbfda.jpg,images/assets/04_equipment_assistive_technology/FlexEquip/Shower commode - attendant-eb3a0cbfda.jpg,/mnd-data/images/assets/04_equipment_assistive_technology/FlexEquip/Shower commode - attendant-eb3a0cbfda.jpg,Shower commode - attendant,,One-Off specialised shower commodes for FlexEquip NDIS Bundle Participants Only,image/jpeg,eb3a0cbfdabb6ee9c4e8243743d57a16169e39e366513b33984b7eed4e2fc36c,26,2026-08-31
image:7ed338b055908d97,equipment_assistive_technology,04_equipment_assistive_technology,flexequip:product-library-bathroom-shower-commode-tilt-in-space-copy,Shower commode,FlexEquip,https://flexequip.com.au/product-library/bathroom/shower-commode-tilt-in-space-copy,https://flexequip.com.au/images/com_eshop/categories/resized/Combo-ScommTISsq2-cr-500x500.jpg,C:\Users\User1\Downloads\MND DATA\images\assets\04_equipment_assistive_technology\FlexEquip\Shower commode - tilt in space-7ed338b055.jpg,images/assets/04_equipment_assistive_technology/FlexEquip/Shower commode - tilt in space-7ed338b055.jpg,/mnd-data/images/assets/04_equipment_assistive_technology/FlexEquip/Shower commode - tilt in space-7ed338b055.jpg,Shower commode - tilt in space,,Shower commode - self propelled,image/jpeg,7ed338b055908d9725e5d8be3fdf9d02d78bdee17bf1c223902bc8d8a75958a7,26,2026-08-31
image:5bca56040710bb73,equipment_assistive_technology,04_equipment_assistive_technology,flexequip:product-library-bathroom-shower-commode-tilt-in-space-copy-one-off-specialised-shower-commodes-for-flexequip-ndis-bundle-participants-only,One-Off specialised shower commodes for FlexEquip NDIS Bundle Participants Only,FlexEquip,https://flexequip.com.au/product-library/bathroom/shower-commode-tilt-in-space-copy/one-off-specialised-shower-commodes-for-flexequip-ndis-bundle-participants-only,https://flexequip.com.au/images/com_eshop/products/resized/EQ6605%20Permobil%20commode%20seat%20pic%203edited-cr-600x600.jpg,C:\Users\User1\Downloads\MND DATA\images\assets\04_equipment_assistive_technology\FlexEquip\Shower commode Accessory - Roho Commode Cushion - EQ6605-5bca560407.jpg,images/assets/04_equipment_assistive_technology/FlexEquip/Shower commode Accessory - Roho Commode Cushion - EQ6605-5bca560407.jpg,/mnd-data/images/assets/04_equipment_assistive_technology/FlexEquip/Shower commode Accessory - Roho Commode Cushion - EQ6605-5bca560407.jpg,Shower commode Accessory - Roho Commode Cushion - EQ6605,,Eshop.jQuery(function ($) { $(document).ready(function () { changeLayout('grid'); }); });,image/jpeg,5bca56040710bb739cc891368b1a8fba418c360ff89e1f2f4bed576d257e8256,26,2026-08-31
image:4cb2e0a664678ef7,equipment_assistive_technology,04_equipment_assistive_technology,flexequip:product-library-bathroom-shower-commode-tilt-in-space-copy-shower-commodes-copy,Shower commode - attendant,FlexEquip,https://flexequip.com.au/product-library/bathroom/shower-commode-tilt-in-space-copy/shower-commodes-copy,https://flexequip.com.au/images/com_eshop/products/resized/shower-commode-attendant-aquatec-ocean-ergo-front-cr-600x600.jpg,C:\Users\User1\Downloads\MND DATA\images\assets\04_equipment_assistive_technology\FlexEquip\Shower commode - attendant - Aquatec-4cb2e0a664.jpg,images/assets/04_equipment_assistive_technology/FlexEquip/Shower commode - attendant - Aquatec-4cb2e0a664.jpg,/mnd-data/images/assets/04_equipment_assistive_technology/FlexEquip/Shower commode - attendant - Aquatec-4cb2e0a664.jpg,Shower commode - attendant - Aquatec,,Eshop.jQuery(function ($) { $(document).ready(function () { changeLayout('grid'); }); });,image/jpeg,4cb2e0a664678ef780709a01bc36cf3463ae688b08cbcfc204d6e31c6e6eb1ea,26,2026-08-31
image:0dbf995e2cd7844a,equipment_assistive_technology,04_equipment_assistive_technology,flexequip:product-library-bathroom-shower-commode-tilt-in-space-copy-shower-commodes-copy,Shower commode - attendant,FlexEquip,https://flexequip.com.au/product-library/bathroom/shower-commode-tilt-in-space-copy/shower-commodes-copy,https://flexequip.com.au/images/com_eshop/products/resized/Aquatec%20soft%20seat%20insert%20pic%201%20edited-cr-600x600.jpg,C:\Users\User1\Downloads\MND DATA\images\assets\04_equipment_assistive_technology\FlexEquip\Shower Commode Accessory - Aquatec Soft Seat Insert-0dbf995e2c.jpg,images/assets/04_equipment_assistive_technology/FlexEquip/Shower Commode Accessory - Aquatec Soft Seat Insert-0dbf995e2c.jpg,/mnd-data/images/assets/04_equipment_assistive_technology/FlexEquip/Shower Commode Accessory - Aquatec Soft Seat Insert-0dbf995e2c.jpg,Shower Commode Accessory - Aquatec Soft Seat Insert,,Shower Commode Accessory - Aquatec Soft Backrest Insert,image/jpeg,0dbf995e2cd7844a38b108c99c0e1748b8bbe6ac915b9fad5b9a53764b70407c,26,2026-08-31
image:1072030ede7d52d6,equipment_assistive_technology,04_equipment_assistive_technology,flexequip:product-library-bathroom-shower-commode-tilt-in-space-copy-shower-commodes,Shower commode - tilt in space,FlexEquip,https://flexequip.com.au/product-library/bathroom/shower-commode-tilt-in-space-copy/shower-commodes,https://flexequip.com.au/images/com_eshop/products/resized/Scomm-TIS-Aqua-Oce-VIPSQ-cr-600x600.jpg,C:\Users\User1\Downloads\MND DATA\images\assets\04_equipment_assistive_technology\FlexEquip\Shower commode - tilt-in-space - Aquatec-1072030ede.jpg,images/assets/04_equipment_assistive_technology/FlexEquip/Shower commode - tilt-in-space - Aquatec-1072030ede.jpg,/mnd-data/images/assets/04_equipment_assistive_technology/FlexEquip/Shower commode - tilt-in-space - Aquatec-1072030ede.jpg,Shower commode - tilt-in-space - Aquatec,,Eshop.jQuery(function ($) { $(document).ready(function () { changeLayout('grid'); }); });,image/jpeg,1072030ede7d52d6989991b488be299fa8d60d64c3781b2086554acc7e3418dd,26,2026-08-31
image:d0d5a42d8d62fc48,equipment_assistive_technology,04_equipment_assistive_technology,flexequip:product-library-bathroom-shower-commode-tilt-in-space-copy-shower-commodes,Shower commode - tilt in space,FlexEquip,https://flexequip.com.au/product-library/bathroom/shower-commode-tilt-in-space-copy/shower-commodes,https://flexequip.com.au/images/com_eshop/products/resized/Aquatec%20Ocean%20TIS%20laterals-cr-600x600.jpg,C:\Users\User1\Downloads\MND DATA\images\assets\04_equipment_assistive_technology\FlexEquip\Shower Commode Accessory - Aquatec Ocean Ergo Laterals-d0d5a42d8d.jpg,images/assets/04_equipment_assistive_technology/FlexEquip/Shower Commode Accessory - Aquatec Ocean Ergo Laterals-d0d5a42d8d.jpg,/mnd-data/images/assets/04_equipment_assistive_technology/FlexEquip/Shower Commode Accessory - Aquatec Ocean Ergo Laterals-d0d5a42d8d.jpg,Shower Commode Accessory - Aquatec Ocean Ergo Laterals,,Shower Commode Accessory - Aquatec Soft Backrest Insert,image/jpeg,d0d5a42d8d62fc486fad3662f93ebf58c8eece2341d7349ded461da7f58ef2aa,26,2026-08-31
image:59492c0ee73f11d2,equipment_assistive_technology,04_equipment_assistive_technology,flexequip:product-library-communication-eye-gaze-equipment-for-mnd-participants,Eye gaze equipment for MND participants,FlexEquip,https://flexequip.com.au/product-library/communication/eye-gaze-equipment-for-mnd-participants,https://flexequip.com.au/images/com_eshop/categories/resized/switch-Micro%20Light2-cr-1000x1000-cr-500x500.jpg,C:\Users\User1\Downloads\MND DATA\images\assets\04_equipment_assistive_technology\FlexEquip\Eye gaze - switch-59492c0ee7.jpg,images/assets/04_equipment_assistive_technology/FlexEquip/Eye gaze - switch-59492c0ee7.jpg,/mnd-data/images/assets/04_equipment_assistive_technology/FlexEquip/Eye gaze - switch-59492c0ee7.jpg,Eye gaze - switch,,Eye gaze - mounting systems,image/jpeg,59492c0ee73f11d2965bfb3172a9a0b4a1be79afbd4b59db974581c5620c378f,26,2026-08-31
image:cb5565dd9807bd4b,equipment_assistive_technology,04_equipment_assistive_technology,flexequip:product-library-communication-eye-gaze-equipment-for-mnd-participants,Eye gaze equipment for MND participants,FlexEquip,https://flexequip.com.au/product-library/communication/eye-gaze-equipment-for-mnd-participants,https://flexequip.com.au/images/com_eshop/categories/resized/GPE%2012%204-cr-500x500.jpg,C:\Users\User1\Downloads\MND DATA\images\assets\04_equipment_assistive_technology\FlexEquip\Eye gaze system-cb5565dd98.jpg,images/assets/04_equipment_assistive_technology/FlexEquip/Eye gaze system-cb5565dd98.jpg,/mnd-data/images/assets/04_equipment_assistive_technology/FlexEquip/Eye gaze system-cb5565dd98.jpg,Eye gaze system,,Eye gaze - switch,image/jpeg,cb5565dd9807bd4b0459ba5a0c921c91276028a49697d134571d161fcdc0b774,26,2026-08-31
image:82d4524e54dee3c1,equipment_assistive_technology,04_equipment_assistive_technology,flexequip:product-library-communication-eye-gaze-equipment-for-mnd-participants-eye-gaze-switch,Eye gaze - switch,FlexEquip,https://flexequip.com.au/product-library/communication/eye-gaze-equipment-for-mnd-participants/eye-gaze-switch,https://flexequip.com.au/images/com_eshop/products/resized/switch-Micro%20Light2-cr-1000x1000-cr-600x600.jpg,C:\Users\User1\Downloads\MND DATA\images\assets\04_equipment_assistive_technology\FlexEquip\Eye gaze switch - Micro Light-82d4524e54.jpg,images/assets/04_equipment_assistive_technology/FlexEquip/Eye gaze switch - Micro Light-82d4524e54.jpg,/mnd-data/images/assets/04_equipment_assistive_technology/FlexEquip/Eye gaze switch - Micro Light-82d4524e54.jpg,Eye gaze switch - Micro Light,,Eshop.jQuery(function ($) { $(document).ready(function () { changeLayout('grid'); }); });,image/jpeg,82d4524e54dee3c19d60cc3e3f61ee92bf20a37de8096078c5d21dab448c64cd,26,2026-08-31
image:b01a2d86ad817f7e,equipment_assistive_technology,04_equipment_assistive_technology,flexequip:product-library-mobility-electric-wheelchairs,Electric wheelchairs,FlexEquip,https://flexequip.com.au/product-library/mobility/electric-wheelchairs,https://flexequip.com.au/images/com_eshop/categories/resized/elec-wchair-Basic%20combo3sq-cr-500x500.jpg,C:\Users\User1\Downloads\MND DATA\images\assets\04_equipment_assistive_technology\FlexEquip\Electric wheelchair - basic-b01a2d86ad.jpg,images/assets/04_equipment_assistive_technology/FlexEquip/Electric wheelchair - basic-b01a2d86ad.jpg,/mnd-data/images/assets/04_equipment_assistive_technology/FlexEquip/Electric wheelchair - basic-b01a2d86ad.jpg,Electric wheelchair - basic ,,Electric wheelchairs,image/jpeg,b01a2d86ad817f7e08f8484cea680184fe8c9fe2dd69eaa790c3b6ce2cb5a40e,26,2026-08-31
image:adba92cfcc2e8073,equipment_assistive_technology,04_equipment_assistive_technology,flexequip:product-library-mobility-electric-wheelchairs,Electric wheelchairs,FlexEquip,https://flexequip.com.au/product-library/mobility/electric-wheelchairs,https://flexequip.com.au/images/com_eshop/categories/resized/GL10641-cr-500x500.JPG,C:\Users\User1\Downloads\MND DATA\images\assets\04_equipment_assistive_technology\FlexEquip\Electric wheelchair - tilt-in-space - mid wheel drive-adba92cfcc.jpg,images/assets/04_equipment_assistive_technology/FlexEquip/Electric wheelchair - tilt-in-space - mid wheel drive-adba92cfcc.jpg,/mnd-data/images/assets/04_equipment_assistive_technology/FlexEquip/Electric wheelchair - tilt-in-space - mid wheel drive-adba92cfcc.jpg,Electric wheelchair - tilt-in-space - mid wheel drive,,Electric wheelchair - basic,image/jpeg,adba92cfcc2e807304d109a6517e4e5486d8711568d59e107094b7bd1f99b758,26,2026-08-31
image:0ebc5bf111d6fd2d,equipment_assistive_technology,04_equipment_assistive_technology,flexequip:product-library-mobility-electric-wheelchairs-electric-wheelchair-basic,Electric wheelchair - basic,FlexEquip,https://flexequip.com.au/product-library/mobility/electric-wheelchairs/electric-wheelchair-basic,https://flexequip.com.au/images/com_eshop/products/resized/elec-wchair-basic-MWDSQ5-cr-600x600.jpg,C:\Users\User1\Downloads\MND DATA\images\assets\04_equipment_assistive_technology\FlexEquip\Electric wheelchair basic - mid wheel drive-0ebc5bf111.jpg,images/assets/04_equipment_assistive_technology/FlexEquip/Electric wheelchair basic - mid wheel drive-0ebc5bf111.jpg,/mnd-data/images/assets/04_equipment_assistive_technology/FlexEquip/Electric wheelchair basic - mid wheel drive-0ebc5bf111.jpg,Electric wheelchair basic - mid wheel drive,,Eshop.jQuery(function ($) { $(document).ready(function () { changeLayout('grid'); }); });,image/jpeg,0ebc5bf111d6fd2d74ebcc02fb9ede65eada821b01308954208e14c9846c2ad5,26,2026-08-31
image:144c45c532011cdc,equipment_assistive_technology,04_equipment_assistive_technology,flexequip:product-library-mobility-electric-wheelchairs-electric-wheelchair-basic,Electric wheelchair - basic,FlexEquip,https://flexequip.com.au/product-library/mobility/electric-wheelchairs/electric-wheelchair-basic,https://flexequip.com.au/images/com_eshop/products/resized/elec%20wchair-basicRWD-Glide-S4.3sq-cr-600x600.jpg,C:\Users\User1\Downloads\MND DATA\images\assets\04_equipment_assistive_technology\FlexEquip\Electric wheelchair basic - rear wheel drive Glide S4 46cm-144c45c532.jpg,images/assets/04_equipment_assistive_technology/FlexEquip/Electric wheelchair basic - rear wheel drive Glide S4 46cm-144c45c532.jpg,/mnd-data/images/assets/04_equipment_assistive_technology/FlexEquip/Electric wheelchair basic - rear wheel drive Glide S4 46cm-144c45c532.jpg,Electric wheelchair basic - rear wheel drive Glide S4 46cm,,Electric wheelchair basic - mid wheel drive,image/jpeg,144c45c532011cdc9c58f06cb3e4ef83e6ff64388af0d60183739a947fda80cd,26,2026-08-31
image:76d765eea39a9d92,equipment_assistive_technology,04_equipment_assistive_technology,flexequip:product-library-mobility-electric-wheelchairs-electric-wheelchair-basic,Electric wheelchair - basic,FlexEquip,https://flexequip.com.au/product-library/mobility/electric-wheelchairs/electric-wheelchair-basic,https://flexequip.com.au/images/com_eshop/products/resized/Leitner%20PWC%20pic%201-cr-600x600.jpg,C:\Users\User1\Downloads\MND DATA\images\assets\04_equipment_assistive_technology\FlexEquip\Electric wheelchair basic - rear wheel drive lightweight Leitner BILLI 44cm-76d765eea3.jpg,images/assets/04_equipment_assistive_technology/FlexEquip/Electric wheelchair basic - rear wheel drive lightweight Leitner BILLI 44cm-76d765eea3.jpg,/mnd-data/images/assets/04_equipment_assistive_technology/FlexEquip/Electric wheelchair basic - rear wheel drive lightweight Leitner BILLI 44cm-76d765eea3.jpg,Electric wheelchair basic - rear wheel drive lightweight Leitner BILLI 44cm,,Electric wheelchair basic - rear wheel drive Glide S4 46cm,image/jpeg,76d765eea39a9d92c26023e9bd5926f59ed3528e1907cf370e0a0ed1b4f84ce0,26,2026-08-31
image:5e7173f47e21f3ba,equipment_assistive_technology,04_equipment_assistive_technology,flexequip:product-library-mobility-electric-wheelchairs-electric-wheelchair-tilt-in-space-mid-wheel-drive,Electric wheelchair - tilt-in-space - mid wheel drive,FlexEquip,https://flexequip.com.au/product-library/mobility/electric-wheelchairs/electric-wheelchair-tilt-in-space-mid-wheel-drive,https://flexequip.com.au/images/com_eshop/products/resized/GL10641-cr-600x600.JPG,C:\Users\User1\Downloads\MND DATA\images\assets\04_equipment_assistive_technology\FlexEquip\Electric wheelchair tilt-in-space - mid wheel drive-5e7173f47e.jpg,images/assets/04_equipment_assistive_technology/FlexEquip/Electric wheelchair tilt-in-space - mid wheel drive-5e7173f47e.jpg,/mnd-data/images/assets/04_equipment_assistive_technology/FlexEquip/Electric wheelchair tilt-in-space - mid wheel drive-5e7173f47e.jpg,Electric wheelchair tilt-in-space - mid wheel drive,,Eshop.jQuery(function ($) { $(document).ready(function () { changeLayout('grid'); }); });,image/jpeg,5e7173f47e21f3baddb4dd7da7fff8833e4574d15acc522ab7acff1bb0e61f69,26,2026-08-31
image:0f27c24dfc3b14fc,equipment_assistive_technology,04_equipment_assistive_technology,flexequip:product-library-mobility-electric-wheelchairs-one-off,One-Off specialised electric wheelchairs for FlexEquip NDIS Bundle Participants Only,FlexEquip,https://flexequip.com.au/product-library/mobility/electric-wheelchairs/one-off,https://flexequip.com.au/images/com_eshop/products/resized/EQ5564%20chine%20control%20removed%202%20edited-cr-600x600.jpg,C:\Users\User1\Downloads\MND DATA\images\assets\04_equipment_assistive_technology\FlexEquip\Electric wheelchair tilt-in-space - mid wheel drive Permobil M3 EQ5564-0f27c24dfc.jpg,images/assets/04_equipment_assistive_technology/FlexEquip/Electric wheelchair tilt-in-space - mid wheel drive Permobil M3 EQ5564-0f27c24dfc.jpg,/mnd-data/images/assets/04_equipment_assistive_technology/FlexEquip/Electric wheelchair tilt-in-space - mid wheel drive Permobil M3 EQ5564-0f27c24dfc.jpg,Electric wheelchair tilt-in-space - mid wheel drive Permobil M3 EQ5564,,Eshop.jQuery(function ($) { $(document).ready(function () { changeLayout('grid'); }); });,image/jpeg,0f27c24dfc3b14fcc227b9f748a133e5e61a32624695025b7224e9d9bad93b56,26,2026-08-31
image:906ba1d53d27322e,equipment_assistive_technology,04_equipment_assistive_technology,flexequip:product-library-mobility-electric-wheelchairs-one-off,One-Off specialised electric wheelchairs for FlexEquip NDIS Bundle Participants Only,FlexEquip,https://flexequip.com.au/product-library/mobility/electric-wheelchairs/one-off,https://flexequip.com.au/images/com_eshop/products/resized/wc%20EQ5611-2sq2-cr-600x600.jpg,C:\Users\User1\Downloads\MND DATA\images\assets\04_equipment_assistive_technology\FlexEquip\Electric wheelchair tilt-in-space - mid wheel drive TA iQ EQ5611-906ba1d53d.jpg,images/assets/04_equipment_assistive_technology/FlexEquip/Electric wheelchair tilt-in-space - mid wheel drive TA iQ EQ5611-906ba1d53d.jpg,/mnd-data/images/assets/04_equipment_assistive_technology/FlexEquip/Electric wheelchair tilt-in-space - mid wheel drive TA iQ EQ5611-906ba1d53d.jpg,Electric wheelchair tilt-in-space - mid wheel drive TA iQ EQ5611,,Electric wheelchair tilt-in-space - mid wheel drive Permobil M3 EQ5564,image/jpeg,906ba1d53d27322e2e98b23e17096634ecddc2d250e6dc396e93192cbe3a8d60,26,2026-08-31
image:7fe60d49cae99eae,equipment_assistive_technology,04_equipment_assistive_technology,flexequip:product-library-mobility-electric-wheelchairs-one-off,One-Off specialised electric wheelchairs for FlexEquip NDIS Bundle Participants Only,FlexEquip,https://flexequip.com.au/product-library/mobility/electric-wheelchairs/one-off,https://flexequip.com.au/images/com_eshop/products/resized/EQ5823%20permobile%20M3%20black%20pic%202%20edited-cr-600x600.jpg,C:\Users\User1\Downloads\MND DATA\images\assets\04_equipment_assistive_technology\FlexEquip\Electric wheelchair tilt-in-space - mid wheel drive Permobil M3 EQ5823-7fe60d49ca.jpg,images/assets/04_equipment_assistive_technology/FlexEquip/Electric wheelchair tilt-in-space - mid wheel drive Permobil M3 EQ5823-7fe60d49ca.jpg,/mnd-data/images/assets/04_equipment_assistive_technology/FlexEquip/Electric wheelchair tilt-in-space - mid wheel drive Permobil M3 EQ5823-7fe60d49ca.jpg,Electric wheelchair tilt-in-space - mid wheel drive Permobil M3 EQ5823,,Electric wheelchair tilt-in-space - mid wheel drive TA iQ EQ5611,image/jpeg,7fe60d49cae99eae6b1785d05eacde89ece8acadc7434e15a198dca5a7be26a1,26,2026-08-31
image:aa0d753b5a07b94d,equipment_assistive_technology,04_equipment_assistive_technology,flexequip:product-library-mobility-electric-wheelchairs-one-off,One-Off specialised electric wheelchairs for FlexEquip NDIS Bundle Participants Only,FlexEquip,https://flexequip.com.au/product-library/mobility/electric-wheelchairs/one-off,https://flexequip.com.au/images/com_eshop/products/resized/image_65d421621fe4a_EQ6303%20Permobil%20pic%203%20edited-cr-600x600.jpg,C:\Users\User1\Downloads\MND DATA\images\assets\04_equipment_assistive_technology\FlexEquip\Electric wheelchair tilt-in-space - mid wheel drive Permobil M3 Corpus EQ6303-aa0d753b5a.jpg,images/assets/04_equipment_assistive_technology/FlexEquip/Electric wheelchair tilt-in-space - mid wheel drive Permobil M3 Corpus EQ6303-aa0d753b5a.jpg,/mnd-data/images/assets/04_equipment_assistive_technology/FlexEquip/Electric wheelchair tilt-in-space - mid wheel drive Permobil M3 Corpus EQ6303-aa0d753b5a.jpg,Electric wheelchair tilt-in-space - mid wheel drive Permobil M3 Corpus EQ6303,,Electric wheelchair tilt-in-space - mid wheel drive Permobil M3 EQ5823,image/jpeg,aa0d753b5a07b94df4a6456bb9548bcf7b4af543a9dcb0b7548c650380ca700a,26,2026-08-31
image:7f115d1930377943,equipment_assistive_technology,04_equipment_assistive_technology,flexequip:product-library-mobility-electric-wheelchairs-one-off,One-Off specialised electric wheelchairs for FlexEquip NDIS Bundle Participants Only,FlexEquip,https://flexequip.com.au/product-library/mobility/electric-wheelchairs/one-off,https://flexequip.com.au/images/com_eshop/products/resized/EQ7023%20Quantum%20Edge%206%20PWC%20pic%201%20edited-cr-600x600.jpg,C:\Users\User1\Downloads\MND DATA\images\assets\04_equipment_assistive_technology\FlexEquip\Electric wheelchair tilt-in-space - Quantum Q6 Edge 2.0 i Series - EQ7023-7f115d1930.jpg,images/assets/04_equipment_assistive_technology/FlexEquip/Electric wheelchair tilt-in-space - Quantum Q6 Edge 2.0 i Series - EQ7023-7f115d1930.jpg,/mnd-data/images/assets/04_equipment_assistive_technology/FlexEquip/Electric wheelchair tilt-in-space - Quantum Q6 Edge 2.0 i Series - EQ7023-7f115d1930.jpg,Electric wheelchair tilt-in-space - Quantum Q6 Edge  2.0 i Series - EQ7023,,Electric wheelchair basic - rear wheel drive Whill Model C - EQ6984,image/jpeg,7f115d193037794399639deb8f85454c9f19da19e336d3e735f78163a691d134,26,2026-08-31
image:e72a7feff07f6c4f,equipment_assistive_technology,04_equipment_assistive_technology,flexequip:product-library-mobility-electric-wheelchairs-one-off,One-Off specialised electric wheelchairs for FlexEquip NDIS Bundle Participants Only,FlexEquip,https://flexequip.com.au/product-library/mobility/electric-wheelchairs/one-off,https://flexequip.com.au/images/com_eshop/products/resized/EQ7225%20Quantum%20Edge%203%20Streeto%20red%20pic%201%20edited-cr-600x600.jpg,C:\Users\User1\Downloads\MND DATA\images\assets\04_equipment_assistive_technology\FlexEquip\Electric wheelchair tilt-in-space - Quantum Edge 3 Stretto i Series - EQ7225-e72a7feff0.jpg,images/assets/04_equipment_assistive_technology/FlexEquip/Electric wheelchair tilt-in-space - Quantum Edge 3 Stretto i Series - EQ7225-e72a7feff0.jpg,/mnd-data/images/assets/04_equipment_assistive_technology/FlexEquip/Electric wheelchair tilt-in-space - Quantum Edge 3 Stretto i Series - EQ7225-e72a7feff0.jpg,Electric wheelchair tilt-in-space - Quantum Edge 3 Stretto i Series - EQ7225,,Electric wheelchair tilt-in-space - Quantum Q6 Edge 2.0 i Series - EQ7023,image/jpeg,e72a7feff07f6c4f8159a4d6162c54a244b5647d261a68bc76cc3ceab037c638,26,2026-08-31
image:fb1b5aced54bfd83,equipment_assistive_technology,04_equipment_assistive_technology,flexequip:product-library-mobility-manual-wheelchairs,Manual wheelchairs,FlexEquip,https://flexequip.com.au/product-library/mobility/manual-wheelchairs,https://flexequip.com.au/images/com_eshop/categories/resized/manwchair-SP7SQ-cr-500x500.jpg,C:\Users\User1\Downloads\MND DATA\images\assets\04_equipment_assistive_technology\FlexEquip\Manual wheelchair - self propelling-fb1b5aced5.jpg,images/assets/04_equipment_assistive_technology/FlexEquip/Manual wheelchair - self propelling-fb1b5aced5.jpg,/mnd-data/images/assets/04_equipment_assistive_technology/FlexEquip/Manual wheelchair - self propelling-fb1b5aced5.jpg,Manual wheelchair - self propelling,,Manual wheelchairs,image/jpeg,fb1b5aced54bfd835b3c681d9a26b73cf510dd26933a4dd0682cf05d7491a4a8,26,2026-08-31
image:eb53b78feaeba5a6,equipment_assistive_technology,04_equipment_assistive_technology,flexequip:product-library-mobility-manual-wheelchairs,Manual wheelchairs,FlexEquip,https://flexequip.com.au/product-library/mobility/manual-wheelchairs,https://flexequip.com.au/images/com_eshop/categories/resized/manual%20wheelcahir%20TIS%20IRIS-cr-500x500.jpg,C:\Users\User1\Downloads\MND DATA\images\assets\04_equipment_assistive_technology\FlexEquip\Manual wheelchair - tilt-in-space seat board-eb53b78fea.jpg,images/assets/04_equipment_assistive_technology/FlexEquip/Manual wheelchair - tilt-in-space seat board-eb53b78fea.jpg,/mnd-data/images/assets/04_equipment_assistive_technology/FlexEquip/Manual wheelchair - tilt-in-space seat board-eb53b78fea.jpg,Manual wheelchair - tilt-in-space seat board,,Manual wheelchair - self propelling,image/jpeg,eb53b78feaeba5a6073b948817a755ad5d411b602ed6a78c1baad4bdbb32e7ab,26,2026-08-31
image:20d1422457435cd2,equipment_assistive_technology,04_equipment_assistive_technology,flexequip:product-library-mobility-manual-wheelchairs,Manual wheelchairs,FlexEquip,https://flexequip.com.au/product-library/mobility/manual-wheelchairs,https://flexequip.com.au/images/com_eshop/categories/resized/manwchair-transitSQ6-cr-500x500.jpg,C:\Users\User1\Downloads\MND DATA\images\assets\04_equipment_assistive_technology\FlexEquip\Manual wheelchair - transit-20d1422457.jpg,images/assets/04_equipment_assistive_technology/FlexEquip/Manual wheelchair - transit-20d1422457.jpg,/mnd-data/images/assets/04_equipment_assistive_technology/FlexEquip/Manual wheelchair - transit-20d1422457.jpg,Manual wheelchair - transit,,Manual wheelchair - tilt-in-space seat board,image/jpeg,20d1422457435cd251fa0c8a9110e178d932d04fd5ab695711fc3c9490506083,26,2026-08-31
image:7986a0d70c977dc6,equipment_assistive_technology,04_equipment_assistive_technology,flexequip:product-library-mobility-manual-wheelchairs-manual-wheelchair-self-propelling,Manual wheelchair - self propelling,FlexEquip,https://flexequip.com.au/product-library/mobility/manual-wheelchairs/manual-wheelchair-self-propelling,https://flexequip.com.au/images/com_eshop/products/resized/manwchair-SP7SQ-cr-600x600.jpg,C:\Users\User1\Downloads\MND DATA\images\assets\04_equipment_assistive_technology\FlexEquip\Manual wheelchair - self-propelled-7986a0d70c.jpg,images/assets/04_equipment_assistive_technology/FlexEquip/Manual wheelchair - self-propelled-7986a0d70c.jpg,/mnd-data/images/assets/04_equipment_assistive_technology/FlexEquip/Manual wheelchair - self-propelled-7986a0d70c.jpg,Manual wheelchair - self-propelled,,Eshop.jQuery(function ($) { $(document).ready(function () { changeLayout('grid'); }); });,image/jpeg,7986a0d70c977dc60f22439faaeacd684170927b5078751586366057a7cf3178,26,2026-08-31
image:648e6e314fb79b73,equipment_assistive_technology,04_equipment_assistive_technology,flexequip:product-library-mobility-manual-wheelchairs-manual-wheelchair-tilt-in-space-seat-board,Manual wheelchair - tilt-in-space seat board,FlexEquip,https://flexequip.com.au/product-library/mobility/manual-wheelchairs/manual-wheelchair-tilt-in-space-seat-board,https://flexequip.com.au/images/com_eshop/products/resized/Manual%20TIS%20Fuze-cr-600x600.jpg,C:\Users\User1\Downloads\MND DATA\images\assets\04_equipment_assistive_technology\FlexEquip\Manual wheelchair - tilt-in-space seat board-648e6e314f.jpg,images/assets/04_equipment_assistive_technology/FlexEquip/Manual wheelchair - tilt-in-space seat board-648e6e314f.jpg,/mnd-data/images/assets/04_equipment_assistive_technology/FlexEquip/Manual wheelchair - tilt-in-space seat board-648e6e314f.jpg,Manual wheelchair - tilt-in-space seat board,,Eshop.jQuery(function ($) { $(document).ready(function () { changeLayout('grid'); }); });,image/jpeg,648e6e314fb79b7359472947923fe88440ff97842d5b2deb8ecfd3a219510dbb,26,2026-08-31
image:4366939d06bac4c5,equipment_assistive_technology,04_equipment_assistive_technology,flexequip:product-library-mobility-manual-wheelchairs-manual-wheelchair-tilt-in-space-seat-board,Manual wheelchair - tilt-in-space seat board,FlexEquip,https://flexequip.com.au/product-library/mobility/manual-wheelchairs/manual-wheelchair-tilt-in-space-seat-board,https://flexequip.com.au/images/com_eshop/products/resized/EQ6456%20Ki%20Focus%20TIS%20MWC%20pic%204%20edited-cr-600x600.jpg,C:\Users\User1\Downloads\MND DATA\images\assets\04_equipment_assistive_technology\FlexEquip\Manual Tilt-in-Space Wheelchair - Ki Focus CR Transit - EQ6456-4366939d06.jpg,images/assets/04_equipment_assistive_technology/FlexEquip/Manual Tilt-in-Space Wheelchair - Ki Focus CR Transit - EQ6456-4366939d06.jpg,/mnd-data/images/assets/04_equipment_assistive_technology/FlexEquip/Manual Tilt-in-Space Wheelchair - Ki Focus CR Transit - EQ6456-4366939d06.jpg,Manual Tilt-in-Space Wheelchair - Ki Focus CR Transit - EQ6456,,Manual wheelchair - tilt-in-space seat board,image/jpeg,4366939d06bac4c5da88ee7b6d91f0e30080964d5a2788a852d9f202cfb4e137,26,2026-08-31
image:211f4269d6b10c1f,equipment_assistive_technology,04_equipment_assistive_technology,flexequip:product-library-mobility-manual-wheelchairs-manual-wheelchair-tilt-in-space-seat-board,Manual wheelchair - tilt-in-space seat board,FlexEquip,https://flexequip.com.au/product-library/mobility/manual-wheelchairs/manual-wheelchair-tilt-in-space-seat-board,https://flexequip.com.au/images/com_eshop/products/resized/EQ7731%20Quickie%20Iris%20wih%20ixpress%20pic%201%20edited-cr-600x600.jpg,C:\Users\User1\Downloads\MND DATA\images\assets\04_equipment_assistive_technology\FlexEquip\Manual Tilt-in-Space Wheelchair - Quickie Iris + ixpress - EQ7731-211f4269d6.jpg,images/assets/04_equipment_assistive_technology/FlexEquip/Manual Tilt-in-Space Wheelchair - Quickie Iris + ixpress - EQ7731-211f4269d6.jpg,/mnd-data/images/assets/04_equipment_assistive_technology/FlexEquip/Manual Tilt-in-Space Wheelchair - Quickie Iris + ixpress - EQ7731-211f4269d6.jpg,Manual Tilt-in-Space Wheelchair - Quickie Iris + ixpress - EQ7731,,Manual Tilt-in-Space Wheelchair - Ki Focus CR Transit - EQ6456,image/jpeg,211f4269d6b10c1fd0e0948a98a16ecc53b9eeef1ad018165b069eb05502dc0e,26,2026-08-31
image:86e5be042a4fc15a,equipment_assistive_technology,04_equipment_assistive_technology,flexequip:product-library-mobility-manual-wheelchairs-manual-wheelchair-transit,Manual wheelchair - transit,FlexEquip,https://flexequip.com.au/product-library/mobility/manual-wheelchairs/manual-wheelchair-transit,https://flexequip.com.au/images/com_eshop/products/resized/manwchair-transitSQ6-cr-600x600.jpg,C:\Users\User1\Downloads\MND DATA\images\assets\04_equipment_assistive_technology\FlexEquip\Manual wheelchair - transit-86e5be042a.jpg,images/assets/04_equipment_assistive_technology/FlexEquip/Manual wheelchair - transit-86e5be042a.jpg,/mnd-data/images/assets/04_equipment_assistive_technology/FlexEquip/Manual wheelchair - transit-86e5be042a.jpg,Manual wheelchair - transit,,Eshop.jQuery(function ($) { $(document).ready(function () { changeLayout('grid'); }); });,image/jpeg,86e5be042a4fc15ae4bb51a20b6e4e67d75a31e83417992742b29608d59aa9d4,26,2026-08-31
image:85c4a28d7f085c3c,equipment_assistive_technology,04_equipment_assistive_technology,flexequip:product-library-mobility-manual-wheelchairs-one-off-specialised-manual-wheelchairs-for-flexequip-ndis-bundle-participants,One-Off specialised manual wheelchairs for FlexEquip NDIS Bundle Participants,FlexEquip,https://flexequip.com.au/product-library/mobility/manual-wheelchairs/one-off-specialised-manual-wheelchairs-for-flexequip-ndis-bundle-participants,https://flexequip.com.au/images/com_eshop/products/resized/Karma%201%20edited%20-cr-600x600.jpg,C:\Users\User1\Downloads\MND DATA\images\assets\04_equipment_assistive_technology\FlexEquip\Manual Tilt-in-Space Wheelchair - Self Propelled TIS Karma EQ5762-85c4a28d7f.jpg,images/assets/04_equipment_assistive_technology/FlexEquip/Manual Tilt-in-Space Wheelchair - Self Propelled TIS Karma EQ5762-85c4a28d7f.jpg,/mnd-data/images/assets/04_equipment_assistive_technology/FlexEquip/Manual Tilt-in-Space Wheelchair - Self Propelled TIS Karma EQ5762-85c4a28d7f.jpg,Manual Tilt-in-Space Wheelchair - Self Propelled TIS Karma EQ5762,,Eshop.jQuery(function ($) { $(document).ready(function () { changeLayout('grid'); }); });,image/jpeg,85c4a28d7f085c3c6b6e8db2b69e7b665d06f495b8f598a7b5360ccd610229a8,26,2026-08-31
image:d42fa084ab0e44f6,equipment_assistive_technology,04_equipment_assistive_technology,flexequip:product-library-mobility-wheelchair-accessory-miscellaneous,One-Off specialised wheelchair accessory for FlexEquip NDIS Bundle Participants Only,FlexEquip,https://flexequip.com.au/product-library/mobility/wheelchair-accessory-miscellaneous,https://flexequip.com.au/images/com_eshop/products/resized/EQ5639sq-cr-600x600.jpg,C:\Users\User1\Downloads\MND DATA\images\assets\04_equipment_assistive_technology\FlexEquip\Wheelchair accessory - R-Net Omni 2 EQ5639-d42fa084ab.jpg,images/assets/04_equipment_assistive_technology/FlexEquip/Wheelchair accessory - R-Net Omni 2 EQ5639-d42fa084ab.jpg,/mnd-data/images/assets/04_equipment_assistive_technology/FlexEquip/Wheelchair accessory - R-Net Omni 2 EQ5639-d42fa084ab.jpg,Wheelchair accessory - R-Net Omni 2 EQ5639,,Eshop.jQuery(function ($) { $(document).ready(function () { changeLayout('grid'); }); });,image/jpeg,d42fa084ab0e44f6f0538ec29f0fd3fc333fe486b6d7734d6e551508e70b124c,26,2026-08-31
image:2927d672f324b8bd,equipment_assistive_technology,04_equipment_assistive_technology,flexequip:product-library-mobility-wheelchair-accessory-miscellaneous,One-Off specialised wheelchair accessory for FlexEquip NDIS Bundle Participants Only,FlexEquip,https://flexequip.com.au/product-library/mobility/wheelchair-accessory-miscellaneous,https://flexequip.com.au/images/com_eshop/products/resized/Chin%20control%20on%20wheelcahir%20Copy-cr-600x600.jpg,C:\Users\User1\Downloads\MND DATA\images\assets\04_equipment_assistive_technology\FlexEquip\Wheelchair accessory - Mo-Vis Chin Control - EQ56035-2927d672f3.jpg,images/assets/04_equipment_assistive_technology/FlexEquip/Wheelchair accessory - Mo-Vis Chin Control - EQ56035-2927d672f3.jpg,/mnd-data/images/assets/04_equipment_assistive_technology/FlexEquip/Wheelchair accessory - Mo-Vis Chin Control - EQ56035-2927d672f3.jpg,Wheelchair accessory - Mo-Vis Chin Control - EQ56035,,Wheelchair accessory - R-Net Omni 2 EQ5639,image/jpeg,2927d672f324b8bd196d3a1f332189081ebc37dbe1ebde5e51e07056656da76d,26,2026-08-31
image:91a7d60f8905cfbd,equipment_assistive_technology,04_equipment_assistive_technology,flexequip:product-library-one-off-specialised-equipment-for-flexequip-ndis-bundle-participants-only,One-Off specialised equipment for FlexEquip NDIS Bundle Participants Only,FlexEquip,https://flexequip.com.au/product-library/one-off-specialised-equipment-for-flexequip-ndis-bundle-participants-only,https://flexequip.com.au/images/com_eshop/products/resized/EQ%206046%20Rehadapt%20clamp%20mount%202%20Copy-cr-600x600.jpg,C:\Users\User1\Downloads\MND DATA\images\assets\04_equipment_assistive_technology\FlexEquip\Clamp on Eye Gaze Mount - Rehadapt - EQ7219-91a7d60f89.jpg,images/assets/04_equipment_assistive_technology/FlexEquip/Clamp on Eye Gaze Mount - Rehadapt - EQ7219-91a7d60f89.jpg,/mnd-data/images/assets/04_equipment_assistive_technology/FlexEquip/Clamp on Eye Gaze Mount - Rehadapt - EQ7219-91a7d60f89.jpg,Clamp on Eye Gaze Mount - Rehadapt - EQ7219,,Care chair - hydraulic - high need - KCare - Air Comfort Deluxe V2 EQ5670,image/jpeg,91a7d60f8905cfbdcadb3361e3999cba745043e7b9ec77656f9f0e802d8eba8a,26,2026-08-31
image:60eb031ae21c507a,equipment_assistive_technology,04_equipment_assistive_technology,flexequip:product-library-beds-and-bed-equipment,Beds and bed equipment,FlexEquip,https://flexequip.com.au/product-library/beds-and-bed-equipment,https://flexequip.com.au/images/com_eshop/products/resized/table-over-chair-large%203-cr-600x600.jpg,C:\Users\User1\Downloads\MND DATA\images\assets\04_equipment_assistive_technology\FlexEquip\Over chair table-60eb031ae2.jpg,images/assets/04_equipment_assistive_technology/FlexEquip/Over chair table-60eb031ae2.jpg,/mnd-data/images/assets/04_equipment_assistive_technology/FlexEquip/Over chair table-60eb031ae2.jpg,Over chair table,,Over bed table,image/jpeg,60eb031ae21c507a71db2a18ecab7ebafc1cd130b23857dffbfee6633e1f22d1,25,2026-08-31
image:cb346ac9848b728d,equipment_assistive_technology,04_equipment_assistive_technology,flexequip:product-library-mobility,Mobility,FlexEquip,https://flexequip.com.au/product-library/mobility,https://flexequip.com.au/images/com_eshop/categories/resized/manual%20wchair-comb3sq-cr-500x500.jpg,C:\Users\User1\Downloads\MND DATA\images\assets\04_equipment_assistive_technology\FlexEquip\Manual wheelchairs-cb346ac984.jpg,images/assets/04_equipment_assistive_technology/FlexEquip/Manual wheelchairs-cb346ac984.jpg,/mnd-data/images/assets/04_equipment_assistive_technology/FlexEquip/Manual wheelchairs-cb346ac984.jpg,Manual wheelchairs,,Electric wheelchairs,image/jpeg,cb346ac9848b728db5a7b5b3cb1054a90dbb625d5597c0eef9e03e993f4abc56,25,2026-08-31
image:2b486a87476209ff,equipment_assistive_technology,04_equipment_assistive_technology,flexequip:product-library-mobility,Mobility,FlexEquip,https://flexequip.com.au/product-library/mobility,https://flexequip.com.au/images/com_eshop/categories/resized/Walker-Combo-cr-500x500.jpg,C:\Users\User1\Downloads\MND DATA\images\assets\04_equipment_assistive_technology\FlexEquip\Walkers-2b486a8747.jpg,images/assets/04_equipment_assistive_technology/FlexEquip/Walkers-2b486a8747.jpg,/mnd-data/images/assets/04_equipment_assistive_technology/FlexEquip/Walkers-2b486a8747.jpg,Walkers,,Portable ramps,image/jpeg,2b486a87476209ff444bea41830fc2fa00632abeba4c92f7f718cea8affff670,25,2026-08-31
image:9dbb77ffbeaa636e,equipment_assistive_technology,04_equipment_assistive_technology,flexequip:product-library,FlexEquip Product Library,FlexEquip,https://flexequip.com.au/product-library,https://flexequip.com.au/images/com_eshop/categories/resized/Mattress-RohoSQ-cr-500x500.jpg,C:\Users\User1\Downloads\MND DATA\images\assets\04_equipment_assistive_technology\FlexEquip\Beds and bed equipment-9dbb77ffbe.jpg,images/assets/04_equipment_assistive_technology/FlexEquip/Beds and bed equipment-9dbb77ffbe.jpg,/mnd-data/images/assets/04_equipment_assistive_technology/FlexEquip/Beds and bed equipment-9dbb77ffbe.jpg,Beds and bed equipment,,Bathroom,image/jpeg,9dbb77ffbeaa636ee436f446dcadb8fb69cad9956ecd89fb7784dba3f41bd325,24,2026-08-31
image:6c250ad5827dce18,equipment_assistive_technology,04_equipment_assistive_technology,flexequip:product-library-bathroom,Bathroom,FlexEquip,https://flexequip.com.au/product-library/bathroom,https://flexequip.com.au/images/com_eshop/categories/resized/Combo-Schair.SStoolsq-cr-500x500.jpg,C:\Users\User1\Downloads\MND DATA\images\assets\04_equipment_assistive_technology\FlexEquip\Shower chair Shower stool-6c250ad582.jpg,images/assets/04_equipment_assistive_technology/FlexEquip/Shower chair Shower stool-6c250ad582.jpg,/mnd-data/images/assets/04_equipment_assistive_technology/FlexEquip/Shower chair Shower stool-6c250ad582.jpg,Shower chair/Shower stool,,Over toilet aid/Toilet surround,image/jpeg,6c250ad5827dce18aa816d63c0e6f69a4ad469d7b316eae751234a029170b677,24,2026-08-31
image:09fbc2d238d3e3a1,equipment_assistive_technology,04_equipment_assistive_technology,flexequip:product-library-bathroom,Bathroom,FlexEquip,https://flexequip.com.au/product-library/bathroom,https://flexequip.com.au/images/com_eshop/categories/resized/TransferBench-sq3-cr-500x500.jpg,C:\Users\User1\Downloads\MND DATA\images\assets\04_equipment_assistive_technology\FlexEquip\Transfer bench - sliding-09fbc2d238.jpg,images/assets/04_equipment_assistive_technology/FlexEquip/Transfer bench - sliding-09fbc2d238.jpg,/mnd-data/images/assets/04_equipment_assistive_technology/FlexEquip/Transfer bench - sliding-09fbc2d238.jpg,Transfer bench - sliding,,Shower commode,image/jpeg,09fbc2d238d3e3a1460c9b1f262107df7497529b3ac9ab56b53876652aa2186d,24,2026-08-31
image:2db0ebdc0fe49354,equipment_assistive_technology,04_equipment_assistive_technology,flexequip:product-library-mobility-walkers,Walkers,FlexEquip,https://flexequip.com.au/product-library/mobility/walkers,https://flexequip.com.au/images/com_eshop/products/resized/walker-Forearm-support-frame%202-cr-600x600.jpg,C:\Users\User1\Downloads\MND DATA\images\assets\04_equipment_assistive_technology\FlexEquip\Walking frame - forearm support-2db0ebdc0f.jpg,images/assets/04_equipment_assistive_technology/FlexEquip/Walking frame - forearm support-2db0ebdc0f.jpg,/mnd-data/images/assets/04_equipment_assistive_technology/FlexEquip/Walking frame - forearm support-2db0ebdc0f.jpg,Walking frame - forearm support,,Eshop.jQuery(function ($) { $(document).ready(function () { changeLayout('grid'); }); });,image/jpeg,2db0ebdc0fe49354f76d1964499df444060993fde19c5ce03559320497042b86,24,2026-08-31
image:2a80bac3afefd49f,equipment_assistive_technology,04_equipment_assistive_technology,flexequip:product-library-mobility-walkers,Walkers,FlexEquip,https://flexequip.com.au/product-library/mobility/walkers,https://flexequip.com.au/images/com_eshop/products/resized/walker%20-%20pick%20up%20frame%20with%20glides-cr-600x600.jpg,C:\Users\User1\Downloads\MND DATA\images\assets\04_equipment_assistive_technology\FlexEquip\Walking frame - pick up frame-2a80bac3af.jpg,images/assets/04_equipment_assistive_technology/FlexEquip/Walking frame - pick up frame-2a80bac3af.jpg,/mnd-data/images/assets/04_equipment_assistive_technology/FlexEquip/Walking frame - pick up frame-2a80bac3af.jpg,Walking frame - pick up frame,,Walking frame - forearm support,image/jpeg,2a80bac3afefd49f4c24b0e34a5c126195b582e51f98ae5d0c3e2156332276c4,24,2026-08-31
image:e63aac07f30cf3f0,equipment_assistive_technology,04_equipment_assistive_technology,flexequip:product-library-one-off-specialised-equipment-for-flexequip-ndis-bundle-participants-only,One-Off specialised equipment for FlexEquip NDIS Bundle Participants Only,FlexEquip,https://flexequip.com.au/product-library/one-off-specialised-equipment-for-flexequip-ndis-bundle-participants-only,https://flexequip.com.au/images/com_eshop/products/resized/Aquatec%20pelvic%20belt%20Copy-cr-600x600.png,C:\Users\User1\Downloads\MND DATA\images\assets\04_equipment_assistive_technology\FlexEquip\Commode Accessory - Aquatec Pelvic Belt - EQ7677-e63aac07f3.png,images/assets/04_equipment_assistive_technology/FlexEquip/Commode Accessory - Aquatec Pelvic Belt - EQ7677-e63aac07f3.png,/mnd-data/images/assets/04_equipment_assistive_technology/FlexEquip/Commode Accessory - Aquatec Pelvic Belt - EQ7677-e63aac07f3.png,Commode Accessory - Aquatec Pelvic Belt - EQ7677,,Clamp on Eye Gaze Mount - Rehadapt - EQ7219,image/png,e63aac07f30cf3f0097c36f4d5d9a3999a141b5de41e8d45affef7e954bac76f,24,2026-08-31
image:b970d419d4ef0a7b,equipment_assistive_technology,04_equipment_assistive_technology,flexequip:product-library-one-off-specialised-equipment-for-flexequip-ndis-bundle-participants-only,One-Off specialised equipment for FlexEquip NDIS Bundle Participants Only,FlexEquip,https://flexequip.com.au/product-library/one-off-specialised-equipment-for-flexequip-ndis-bundle-participants-only,https://flexequip.com.au/images/com_eshop/products/resized/EQ6828%20Maverick%2010%20PWC%20edited1-cr-600x600.jpg,C:\Users\User1\Downloads\MND DATA\images\assets\04_equipment_assistive_technology\FlexEquip\Electric wheelchair - Basic mid wheel drive Merits Maverick 10 EQ6828-b970d419d4.jpg,images/assets/04_equipment_assistive_technology/FlexEquip/Electric wheelchair - Basic mid wheel drive Merits Maverick 10 EQ6828-b970d419d4.jpg,/mnd-data/images/assets/04_equipment_assistive_technology/FlexEquip/Electric wheelchair - Basic mid wheel drive Merits Maverick 10 EQ6828-b970d419d4.jpg,Electric wheelchair - Basic mid wheel drive Merits Maverick 10 EQ6828,,Electric recliner tilt - Aspire Posture Fit Recliner - EQ7726,image/jpeg,b970d419d4ef0a7b76b86435ad71ebaa386de9e76da788f7c5fd05a93de9623a,24,2026-08-31
image:555026fe9ee5d6bb,equipment_assistive_technology,04_equipment_assistive_technology,flexequip:product-library-transfer-aids-one-off-specialised-transfer-aid-for-flexequip-ndis-bundle-participants-only,One-Off specialised transfer aid for FlexEquip NDIS Bundle Participants Only,FlexEquip,https://flexequip.com.au/product-library/transfer-aids/one-off-specialised-transfer-aid-for-flexequip-ndis-bundle-participants-only,https://flexequip.com.au/images/com_eshop/products/resized/EQ7361%20EQ7362%20Permobil%20tray%20edited-cr-600x600.jpg,C:\Users\User1\Downloads\MND DATA\images\assets\04_equipment_assistive_technology\FlexEquip\Wheelchair accessory - Permobil Adjustable Tray - EQ7361-555026fe9e.jpg,images/assets/04_equipment_assistive_technology/FlexEquip/Wheelchair accessory - Permobil Adjustable Tray - EQ7361-555026fe9e.jpg,/mnd-data/images/assets/04_equipment_assistive_technology/FlexEquip/Wheelchair accessory - Permobil Adjustable Tray - EQ7361-555026fe9e.jpg,Wheelchair accessory - Permobil Adjustable Tray - EQ7361,,Stealth Gel Footplate Covers - EQ6260,image/jpeg,555026fe9ee5d6bb5247484b3b06924054c3f70db91b9a0064f0f082857fd560,24,2026-08-31
image:b9c5cb9df82aca28,equipment_assistive_technology,04_equipment_assistive_technology,flexequip:product-library-one-off-specialised-equipment-for-flexequip-ndis-bundle-participants-only,One-Off specialised equipment for FlexEquip NDIS Bundle Participants Only,FlexEquip,https://flexequip.com.au/product-library/one-off-specialised-equipment-for-flexequip-ndis-bundle-participants-only,https://flexequip.com.au/images/com_eshop/products/resized/AirComChair-2sq-cr-600x600.jpg,C:\Users\User1\Downloads\MND DATA\images\assets\04_equipment_assistive_technology\FlexEquip\Care chair - hydraulic - high need - KCare - Air Comfort Deluxe V2 EQ5670-b9c5cb9df8.jpg,images/assets/04_equipment_assistive_technology/FlexEquip/Care chair - hydraulic - high need - KCare - Air Comfort Deluxe V2 EQ5670-b9c5cb9df8.jpg,/mnd-data/images/assets/04_equipment_assistive_technology/FlexEquip/Care chair - hydraulic - high need - KCare - Air Comfort Deluxe V2 EQ5670-b9c5cb9df8.jpg,Care chair - hydraulic - high need - KCare - Air Comfort Deluxe V2 EQ5670,,BodiLink Lateral/Pelvic Supports Set - EQ6602,image/jpeg,b9c5cb9df82aca2892b3168d43df16ecb0f8681af759c1eae4310aaf16ccec55,23,2026-08-31
image:32b02fbd3ab4e575,equipment_assistive_technology,04_equipment_assistive_technology,flexequip:product-library-pressure-care,Pressure care,FlexEquip,https://flexequip.com.au/product-library/pressure-care,https://flexequip.com.au/images/com_eshop/categories/resized/image_638e7adb30207_cushion-combo4-cr-500x500.png,C:\Users\User1\Downloads\MND DATA\images\assets\04_equipment_assistive_technology\FlexEquip\Cushion-32b02fbd3a.png,images/assets/04_equipment_assistive_technology/FlexEquip/Cushion-32b02fbd3a.png,/mnd-data/images/assets/04_equipment_assistive_technology/FlexEquip/Cushion-32b02fbd3a.png,Cushion,,Pressure care,image/png,32b02fbd3ab4e575b1f005ae40904be331dac9ab7a8789f9887f50ded035a886,23,2026-08-31
image:d2e7aaa05c75d530,equipment_assistive_technology,04_equipment_assistive_technology,flexequip:product-library-beds-and-bed-equipment,Beds and bed equipment,FlexEquip,https://flexequip.com.au/product-library/beds-and-bed-equipment,https://flexequip.com.au/images/com_eshop/products/resized/Over%20bed%20pole%206sq%20Carequip-cr-600x600.jpg,C:\Users\User1\Downloads\MND DATA\images\assets\04_equipment_assistive_technology\FlexEquip\Over bed pole-d2e7aaa05c.jpg,images/assets/04_equipment_assistive_technology/FlexEquip/Over bed pole-d2e7aaa05c.jpg,/mnd-data/images/assets/04_equipment_assistive_technology/FlexEquip/Over bed pole-d2e7aaa05c.jpg,Over bed pole,,Mattress replacement system - hybrid foam/air high level,image/jpeg,d2e7aaa05c75d530eb5c8399dcca3e37bf3d6f28661bb7a3059160e4fb342d2e,22,2026-08-31
image:2ea22de2eb7d3f76,equipment_assistive_technology,04_equipment_assistive_technology,flexequip:product-library-communication,Communication,FlexEquip,https://flexequip.com.au/product-library/communication,https://flexequip.com.au/images/com_eshop/categories/resized/Mount-switch-gooseneck-2-cr-500x500.jpg,C:\Users\User1\Downloads\MND DATA\images\assets\04_equipment_assistive_technology\FlexEquip\Mounting systems and supports-2ea22de2eb.jpg,images/assets/04_equipment_assistive_technology/FlexEquip/Mounting systems and supports-2ea22de2eb.jpg,/mnd-data/images/assets/04_equipment_assistive_technology/FlexEquip/Mounting systems and supports-2ea22de2eb.jpg,Mounting systems and supports,,Modified mouses,image/jpeg,2ea22de2eb7d3f764a538a6197f0f5a484f4608076317adcf0880586096a557d,22,2026-08-31
image:3644cbe6499bc006,equipment_assistive_technology,04_equipment_assistive_technology,flexequip:product-library-communication,Communication,FlexEquip,https://flexequip.com.au/product-library/communication,https://flexequip.com.au/images/com_eshop/categories/resized/Switchinterface-ApplicatorSQ-cr-500x500.jpg,C:\Users\User1\Downloads\MND DATA\images\assets\04_equipment_assistive_technology\FlexEquip\Switch interfaces and connectors-3644cbe649.jpg,images/assets/04_equipment_assistive_technology/FlexEquip/Switch interfaces and connectors-3644cbe649.jpg,/mnd-data/images/assets/04_equipment_assistive_technology/FlexEquip/Switch interfaces and connectors-3644cbe649.jpg,Switch interfaces and connectors,,Portable communication aids,image/jpeg,3644cbe6499bc00629ea4c01f1f3bd4957d066c85c3ee9f2de1545678fef6a2c,22,2026-08-31
image:9781590e8bacf0ff,equipment_assistive_technology,04_equipment_assistive_technology,flexequip:product-library-communication-switches,Switches,FlexEquip,https://flexequip.com.au/product-library/communication/switches,https://flexequip.com.au/images/com_eshop/products/resized/switch-bigbuddybuttongreen-cr-600x600.jpg,C:\Users\User1\Downloads\MND DATA\images\assets\04_equipment_assistive_technology\FlexEquip\Big Buddy Button switch-9781590e8b.jpg,images/assets/04_equipment_assistive_technology/FlexEquip/Big Buddy Button switch-9781590e8b.jpg,/mnd-data/images/assets/04_equipment_assistive_technology/FlexEquip/Big Buddy Button switch-9781590e8b.jpg,Big Buddy Button switch,,Eshop.jQuery(function ($) { $(document).ready(function () { changeLayout('grid'); }); });,image/jpeg,9781590e8bacf0ff7be61f598718922492527ff2c7b261fe4013931ca0693896,22,2026-08-31
image:cbe5a2d321462b75,equipment_assistive_technology,04_equipment_assistive_technology,flexequip:product-library-communication-switches,Switches,FlexEquip,https://flexequip.com.au/product-library/communication/switches,https://flexequip.com.au/images/com_eshop/products/resized/image_66e0ec0aed39c_Buddy%20button%20switch%20pic%202-cr-600x600.jpg,C:\Users\User1\Downloads\MND DATA\images\assets\04_equipment_assistive_technology\FlexEquip\Buddy Button Switch-cbe5a2d321.jpg,images/assets/04_equipment_assistive_technology/FlexEquip/Buddy Button Switch-cbe5a2d321.jpg,/mnd-data/images/assets/04_equipment_assistive_technology/FlexEquip/Buddy Button Switch-cbe5a2d321.jpg,Buddy Button Switch,,Big Buddy Button switch,image/jpeg,cbe5a2d321462b75bbe07bf6051e17787472cacbaec3a1c7c2fa20e21e754990,22,2026-08-31
image:713b02d72d28defa,equipment_assistive_technology,04_equipment_assistive_technology,flexequip:product-library-communication-switches,Switches,FlexEquip,https://flexequip.com.au/product-library/communication/switches,https://flexequip.com.au/images/com_eshop/products/resized/switch-click3-cr-600x600.jpg,C:\Users\User1\Downloads\MND DATA\images\assets\04_equipment_assistive_technology\FlexEquip\Click switch-713b02d72d.jpg,images/assets/04_equipment_assistive_technology/FlexEquip/Click switch-713b02d72d.jpg,/mnd-data/images/assets/04_equipment_assistive_technology/FlexEquip/Click switch-713b02d72d.jpg,Click switch,,Buddy Button Switch,image/jpeg,713b02d72d28defa87c91cf8cb373c0e346168bddeb61138b21a019428ae2538,22,2026-08-31
image:ac6bf423cf4eeffe,equipment_assistive_technology,04_equipment_assistive_technology,flexequip:product-library-mobility-walkers,Walkers,FlexEquip,https://flexequip.com.au/product-library/mobility/walkers,https://flexequip.com.au/images/com_eshop/products/resized/Walker-bike-brakes2-cr-600x600.JPG,C:\Users\User1\Downloads\MND DATA\images\assets\04_equipment_assistive_technology\FlexEquip\Walking frame - seat and basket - bike brakes-ac6bf423cf.jpg,images/assets/04_equipment_assistive_technology/FlexEquip/Walking frame - seat and basket - bike brakes-ac6bf423cf.jpg,/mnd-data/images/assets/04_equipment_assistive_technology/FlexEquip/Walking frame - seat and basket - bike brakes-ac6bf423cf.jpg,Walking frame - seat and basket - bike brakes,,Walking frame - pick up frame,image/jpeg,ac6bf423cf4eeffe67c08c4bfee27f0aecb2d1a344550da09eaa7a5a553a6cef,22,2026-08-31
image:3f0ea711465f2fc2,equipment_assistive_technology,04_equipment_assistive_technology,flexequip:product-library-mobility-walkers,Walkers,FlexEquip,https://flexequip.com.au/product-library/mobility/walkers,https://flexequip.com.au/images/com_eshop/products/resized/Walker-push-down-brakes2-cr-600x600.JPG,C:\Users\User1\Downloads\MND DATA\images\assets\04_equipment_assistive_technology\FlexEquip\Walking frame - seat and basket - push down brakes-3f0ea71146.jpg,images/assets/04_equipment_assistive_technology/FlexEquip/Walking frame - seat and basket - push down brakes-3f0ea71146.jpg,/mnd-data/images/assets/04_equipment_assistive_technology/FlexEquip/Walking frame - seat and basket - push down brakes-3f0ea71146.jpg,Walking frame - seat and basket - push down brakes,,Walking frame - seat and basket - bike brakes,image/jpeg,3f0ea711465f2fc226b442e12b9c4eae3e7b8040fabd49d191e8826f547c2678,22,2026-08-31
image:7598981119a7c0fa,equipment_assistive_technology,04_equipment_assistive_technology,flexequip:product-library,FlexEquip Product Library,FlexEquip,https://flexequip.com.au/product-library,https://flexequip.com.au/images/com_eshop/categories/resized/Collar-Headmaster1-cr-500x500.jpg,C:\Users\User1\Downloads\MND DATA\images\assets\04_equipment_assistive_technology\FlexEquip\Neck support-7598981119.jpg,images/assets/04_equipment_assistive_technology/FlexEquip/Neck support-7598981119.jpg,/mnd-data/images/assets/04_equipment_assistive_technology/FlexEquip/Neck support-7598981119.jpg,Neck support,,Mobility,image/jpeg,7598981119a7c0fad643bde3cc9fd2756916485a4af8dc312c72d006817d1084,21,2026-08-31
image:9a6a4a8ebd02cc05,equipment_assistive_technology,04_equipment_assistive_technology,flexequip:product-library,FlexEquip Product Library,FlexEquip,https://flexequip.com.au/product-library,https://flexequip.com.au/images/com_eshop/categories/resized/image_65adc37ee11fc_One%20Off%20Specialised%20Equip%20Photo-cr-500x500.jpg,C:\Users\User1\Downloads\MND DATA\images\assets\04_equipment_assistive_technology\FlexEquip\One-Off specialised equipment for FlexEquip NDIS Bundle Participants Only-9a6a4a8ebd.jpg,images/assets/04_equipment_assistive_technology/FlexEquip/One-Off specialised equipment for FlexEquip NDIS Bundle Participants Only-9a6a4a8ebd.jpg,/mnd-data/images/assets/04_equipment_assistive_technology/FlexEquip/One-Off specialised equipment for FlexEquip NDIS Bundle Participants Only-9a6a4a8ebd.jpg,One-Off specialised equipment for FlexEquip NDIS Bundle Participants Only,,Neck support,image/jpeg,9a6a4a8ebd02cc056a3ac415d80a75fc447c7a431ae655f8e75295f3d8b3a1b4,21,2026-08-31
image:7000b41a244bbeab,equipment_assistive_technology,04_equipment_assistive_technology,flexequip:product-library-communication-eye-gaze-equipment-for-mnd-participants,Eye gaze equipment for MND participants,FlexEquip,https://flexequip.com.au/product-library/communication/eye-gaze-equipment-for-mnd-participants,https://flexequip.com.au/images/com_eshop/categories/resized/Floorstand-Variolock-cr-500x500.jpg,C:\Users\User1\Downloads\MND DATA\images\assets\04_equipment_assistive_technology\FlexEquip\Eye gaze - mounting systems-7000b41a24.jpg,images/assets/04_equipment_assistive_technology/FlexEquip/Eye gaze - mounting systems-7000b41a24.jpg,/mnd-data/images/assets/04_equipment_assistive_technology/FlexEquip/Eye gaze - mounting systems-7000b41a24.jpg,Eye gaze - mounting systems,,Eye gaze - environmental control units,image/jpeg,7000b41a244bbeabed4ecb1d3725b5e8ed41ab45a0f2379823e90493c1b9ce9c,21,2026-08-31
image:42ac516df18649d4,equipment_assistive_technology,04_equipment_assistive_technology,flexequip:product-library-one-off-specialised-equipment-for-flexequip-ndis-bundle-participants-only,One-Off specialised equipment for FlexEquip NDIS Bundle Participants Only,FlexEquip,https://flexequip.com.au/product-library/one-off-specialised-equipment-for-flexequip-ndis-bundle-participants-only,https://flexequip.com.au/images/com_eshop/products/resized/chp188_detail_1-cr-600x600.png,C:\Users\User1\Downloads\MND DATA\images\assets\04_equipment_assistive_technology\FlexEquip\Armchair recliner tilt - Aspire Posture Pro Recliner - EQ7411-42ac516df1.png,images/assets/04_equipment_assistive_technology/FlexEquip/Armchair recliner tilt - Aspire Posture Pro Recliner - EQ7411-42ac516df1.png,/mnd-data/images/assets/04_equipment_assistive_technology/FlexEquip/Armchair recliner tilt - Aspire Posture Pro Recliner - EQ7411-42ac516df1.png,Armchair recliner tilt - Aspire Posture Pro Recliner - EQ7411,,Arjo Carendo Electric Hygiene System - EQ7142,image/png,42ac516df18649d468667d0d5c81a66566761b06cece85d724c11d72580ac49e,21,2026-08-31
image:26f6ff313c5330d6,equipment_assistive_technology,04_equipment_assistive_technology,flexequip:product-library-transfer-aids,Transfer aids,FlexEquip,https://flexequip.com.au/product-library/transfer-aids,https://flexequip.com.au/images/com_eshop/categories/resized/Over%20bed%20pole%206sq%20Carequip-cr-500x500.jpg,C:\Users\User1\Downloads\MND DATA\images\assets\04_equipment_assistive_technology\FlexEquip\Over bed pole-26f6ff313c.jpg,images/assets/04_equipment_assistive_technology/FlexEquip/Over bed pole-26f6ff313c.jpg,/mnd-data/images/assets/04_equipment_assistive_technology/FlexEquip/Over bed pole-26f6ff313c.jpg,Over bed pole,,One-Off specialised transfer aid for FlexEquip NDIS Bundle Participants Only,image/jpeg,26f6ff313c5330d6ff7f05db166536308bb9db518064ae29a0a37264187971ed,21,2026-08-31
image:8fb7d75a50eff8af,equipment_assistive_technology,04_equipment_assistive_technology,flexequip:product-library-transfer-aids-slings,Slings,FlexEquip,https://flexequip.com.au/product-library/transfer-aids/slings,https://flexequip.com.au/images/com_eshop/products/resized/image_6147f8e4a4c9f_sling%20-%20pivot%20-%20Allegro%20Concepts%20-cr-600x600.JPG,"C:\Users\User1\Downloads\MND DATA\images\assets\04_equipment_assistive_technology\FlexEquip\Sling for hoist - Pivot, full body with head support-8fb7d75a50.jpg","images/assets/04_equipment_assistive_technology/FlexEquip/Sling for hoist - Pivot, full body with head support-8fb7d75a50.jpg","/mnd-data/images/assets/04_equipment_assistive_technology/FlexEquip/Sling for hoist - Pivot, full body with head support-8fb7d75a50.jpg","Sling for hoist - Pivot, full body with head support",,Eshop.jQuery(function ($) { $(document).ready(function () { changeLayout('grid'); }); });,image/jpeg,8fb7d75a50eff8af4094de6db880090b16d925001ddb41092d24155e507c7385,21,2026-08-31
image:4e2bac25f3e7fb72,equipment_assistive_technology,04_equipment_assistive_technology,flexequip:product-library-beds-and-bed-equipment,Beds and bed equipment,FlexEquip,https://flexequip.com.au/product-library/beds-and-bed-equipment,https://flexequip.com.au/images/com_eshop/products/resized/Bed-Novis3-cr-600x600.jpg,C:\Users\User1\Downloads\MND DATA\images\assets\04_equipment_assistive_technology\FlexEquip\Bed - electric-4e2bac25f3.jpg,images/assets/04_equipment_assistive_technology/FlexEquip/Bed - electric-4e2bac25f3.jpg,/mnd-data/images/assets/04_equipment_assistive_technology/FlexEquip/Bed - electric-4e2bac25f3.jpg,Bed - electric ,,Eshop.jQuery(function ($) { $(document).ready(function () { changeLayout('grid'); }); });,image/jpeg,4e2bac25f3e7fb729d75a4461f4070d95c7365a6ce9d8ffca59dbdc59681d7be,20,2026-08-31
image:75a85b8eaaa0cd60,equipment_assistive_technology,04_equipment_assistive_technology,flexequip:product-library-beds-and-bed-equipment,Beds and bed equipment,FlexEquip,https://flexequip.com.au/product-library/beds-and-bed-equipment,https://flexequip.com.au/images/com_eshop/products/resized/bed-rail_back-cr-600x600.jpg,C:\Users\User1\Downloads\MND DATA\images\assets\04_equipment_assistive_technology\FlexEquip\Bed Cradle-75a85b8eaa.jpg,images/assets/04_equipment_assistive_technology/FlexEquip/Bed Cradle-75a85b8eaa.jpg,/mnd-data/images/assets/04_equipment_assistive_technology/FlexEquip/Bed Cradle-75a85b8eaa.jpg,Bed Cradle,,Bed - electric,image/jpeg,75a85b8eaaa0cd6075b9211059a2a5b384b896dd013690c83354ad4795b1897b,20,2026-08-31
image:269188449941a29c,equipment_assistive_technology,04_equipment_assistive_technology,flexequip:product-library-beds-and-bed-equipment,Beds and bed equipment,FlexEquip,https://flexequip.com.au/product-library/beds-and-bed-equipment,https://flexequip.com.au/images/com_eshop/products/resized/Table-over-bed%202-cr-600x600.jpg,C:\Users\User1\Downloads\MND DATA\images\assets\04_equipment_assistive_technology\FlexEquip\Over bed table-2691884499.jpg,images/assets/04_equipment_assistive_technology/FlexEquip/Over bed table-2691884499.jpg,/mnd-data/images/assets/04_equipment_assistive_technology/FlexEquip/Over bed table-2691884499.jpg,Over bed table,,Over bed pole,image/jpeg,269188449941a29c6e2a5fc3e00b04df24affbe56796d78eaa4d1d6bb0cb0cba,20,2026-08-31
image:3211f092c6c600c6,equipment_assistive_technology,04_equipment_assistive_technology,flexequip:product-library-communication,Communication,FlexEquip,https://flexequip.com.au/product-library/communication,https://flexequip.com.au/images/com_eshop/categories/resized/HouseMate.sq1-cr-500x500.JPG,C:\Users\User1\Downloads\MND DATA\images\assets\04_equipment_assistive_technology\FlexEquip\Environmental control units-3211f092c6.jpg,images/assets/04_equipment_assistive_technology/FlexEquip/Environmental control units-3211f092c6.jpg,/mnd-data/images/assets/04_equipment_assistive_technology/FlexEquip/Environmental control units-3211f092c6.jpg,Environmental control units,,Call devices,image/jpeg,3211f092c6c600c6e6706471d5b9595ddf56bcd38bfcf5c92d01596a136fb700,20,2026-08-31
image:748e716970c50f66,equipment_assistive_technology,04_equipment_assistive_technology,flexequip:product-library-communication,Communication,FlexEquip,https://flexequip.com.au/product-library/communication,https://flexequip.com.au/images/com_eshop/categories/resized/switch-specs-cr-500x500.jpg,C:\Users\User1\Downloads\MND DATA\images\assets\04_equipment_assistive_technology\FlexEquip\Switches-748e716970.jpg,images/assets/04_equipment_assistive_technology/FlexEquip/Switches-748e716970.jpg,/mnd-data/images/assets/04_equipment_assistive_technology/FlexEquip/Switches-748e716970.jpg,Switches,,Switch interfaces and connectors,image/jpeg,748e716970c50f6636032dd433c963e083f413caba940a5a1b0b7bda95b5533c,20,2026-08-31
image:6506dda994b6be38,equipment_assistive_technology,04_equipment_assistive_technology,flexequip:product-library-communication,Communication,FlexEquip,https://flexequip.com.au/product-library/communication,https://flexequip.com.au/images/com_eshop/categories/resized/voice-amplifierSQ-cr-500x500.jpg,C:\Users\User1\Downloads\MND DATA\images\assets\04_equipment_assistive_technology\FlexEquip\Voice amplifiers-6506dda994.jpg,images/assets/04_equipment_assistive_technology/FlexEquip/Voice amplifiers-6506dda994.jpg,/mnd-data/images/assets/04_equipment_assistive_technology/FlexEquip/Voice amplifiers-6506dda994.jpg,Voice amplifiers,,Switches,image/jpeg,6506dda994b6be385b3299945da78ec38158f1fb2b28883f8f215239b7d6dfd3,20,2026-08-31
image:4bbaf52aa94e81ec,equipment_assistive_technology,04_equipment_assistive_technology,flexequip:product-library-communication-call-devices,Call devices,FlexEquip,https://flexequip.com.au/product-library/communication/call-devices,https://flexequip.com.au/images/com_eshop/products/resized/switch-adaped-door-sq1-cr-600x600.JPG,C:\Users\User1\Downloads\MND DATA\images\assets\04_equipment_assistive_technology\FlexEquip\Door chime (switch activated)-4bbaf52aa9.jpg,images/assets/04_equipment_assistive_technology/FlexEquip/Door chime (switch activated)-4bbaf52aa9.jpg,/mnd-data/images/assets/04_equipment_assistive_technology/FlexEquip/Door chime (switch activated)-4bbaf52aa9.jpg,Door chime (switch activated),,Eshop.jQuery(function ($) { $(document).ready(function () { changeLayout('grid'); }); });,image/jpeg,4bbaf52aa94e81ec8501dbf3331d583e6a20ec5d5b3dc92699567e1a7a26974d,20,2026-08-31
image:942b98cc527f8b2e,equipment_assistive_technology,04_equipment_assistive_technology,flexequip:product-library-communication-eye-gaze-equipment-for-mnd-participants-eye-gaze-environmental-control-units,Eye gaze - environmental control units,FlexEquip,https://flexequip.com.au/product-library/communication/eye-gaze-equipment-for-mnd-participants/eye-gaze-environmental-control-units,https://flexequip.com.au/images/com_eshop/products/resized/EyeR-usb-cr-600x600.jpg,C:\Users\User1\Downloads\MND DATA\images\assets\04_equipment_assistive_technology\FlexEquip\Eye gaze environmental control unit - EyeR USB-942b98cc52.jpg,images/assets/04_equipment_assistive_technology/FlexEquip/Eye gaze environmental control unit - EyeR USB-942b98cc52.jpg,/mnd-data/images/assets/04_equipment_assistive_technology/FlexEquip/Eye gaze environmental control unit - EyeR USB-942b98cc52.jpg,Eye gaze environmental control unit - EyeR USB,,Eshop.jQuery(function ($) { $(document).ready(function () { changeLayout('grid'); }); });,image/jpeg,942b98cc527f8b2ed1a5670fee6a203e676989a088bc2a61c5c04c103b57368d,20,2026-08-31
image:32a39f13f6606b9e,equipment_assistive_technology,04_equipment_assistive_technology,flexequip:product-library-communication-eye-gaze-equipment-for-mnd-participants-eye-gaze-mounting-systems,Eye gaze - mounting systems,FlexEquip,https://flexequip.com.au/product-library/communication/eye-gaze-equipment-for-mnd-participants/eye-gaze-mounting-systems,https://flexequip.com.au/images/com_eshop/products/resized/Floorstand-Variolock-cr-600x600.jpg,C:\Users\User1\Downloads\MND DATA\images\assets\04_equipment_assistive_technology\FlexEquip\Eye gaze mount - Rolling Floorstand-32a39f13f6.jpg,images/assets/04_equipment_assistive_technology/FlexEquip/Eye gaze mount - Rolling Floorstand-32a39f13f6.jpg,/mnd-data/images/assets/04_equipment_assistive_technology/FlexEquip/Eye gaze mount - Rolling Floorstand-32a39f13f6.jpg,Eye gaze mount - Rolling Floorstand ,,Eshop.jQuery(function ($) { $(document).ready(function () { changeLayout('grid'); }); });,image/jpeg,32a39f13f6606b9ef18fd05a37e29952b173c713a9261cebe8e65ec50e4d472b,20,2026-08-31
image:2a1ba27c91601c68,equipment_assistive_technology,04_equipment_assistive_technology,flexequip:product-library-communication-eye-gaze-equipment-for-mnd-participants-eye-gaze-mounting-systems,Eye gaze - mounting systems,FlexEquip,https://flexequip.com.au/product-library/communication/eye-gaze-equipment-for-mnd-participants/eye-gaze-mounting-systems,https://flexequip.com.au/images/com_eshop/products/resized/Table%20stand-TS-XL-cr-600x600.jpg,C:\Users\User1\Downloads\MND DATA\images\assets\04_equipment_assistive_technology\FlexEquip\Eye gaze mount - TableStand-2a1ba27c91.jpg,images/assets/04_equipment_assistive_technology/FlexEquip/Eye gaze mount - TableStand-2a1ba27c91.jpg,/mnd-data/images/assets/04_equipment_assistive_technology/FlexEquip/Eye gaze mount - TableStand-2a1ba27c91.jpg,Eye gaze mount - TableStand,,Eye gaze mount - Rolling Floorstand,image/jpeg,2a1ba27c91601c68f40571a375908273aa6448dd8996bcee03b1aa97be5091ee,20,2026-08-31
image:9bc05a638637f320,equipment_assistive_technology,04_equipment_assistive_technology,flexequip:product-library-communication-eye-gaze-equipment-for-mnd-participants-eye-gaze-system,Eye gaze system,FlexEquip,https://flexequip.com.au/product-library/communication/eye-gaze-equipment-for-mnd-participants/eye-gaze-system,https://flexequip.com.au/images/com_eshop/products/resized/EyemobileGrid3-cr-600x600.jpg,C:\Users\User1\Downloads\MND DATA\images\assets\04_equipment_assistive_technology\FlexEquip\Eye gaze - EyeMobile 5 with Grid 3 software-9bc05a6386.jpg,images/assets/04_equipment_assistive_technology/FlexEquip/Eye gaze - EyeMobile 5 with Grid 3 software-9bc05a6386.jpg,/mnd-data/images/assets/04_equipment_assistive_technology/FlexEquip/Eye gaze - EyeMobile 5 with Grid 3 software-9bc05a6386.jpg,Eye gaze - EyeMobile 5 with Grid 3 software,,Eshop.jQuery(function ($) { $(document).ready(function () { changeLayout('grid'); }); });,image/jpeg,9bc05a638637f3202039cbc26f76354c96194577e1e3111ad4d868ab5559be49,20,2026-08-31
image:5f9949ae5721c45e,equipment_assistive_technology,04_equipment_assistive_technology,flexequip:product-library-communication-eye-gaze-equipment-for-mnd-participants-eye-gaze-system,Eye gaze system,FlexEquip,https://flexequip.com.au/product-library/communication/eye-gaze-equipment-for-mnd-participants/eye-gaze-system,https://flexequip.com.au/images/com_eshop/products/resized/GridGrid-cr-600x600.jpg,C:\Users\User1\Downloads\MND DATA\images\assets\04_equipment_assistive_technology\FlexEquip\Eye gaze - Grid Pad Eye 12 with Grid 3 software-5f9949ae57.jpg,images/assets/04_equipment_assistive_technology/FlexEquip/Eye gaze - Grid Pad Eye 12 with Grid 3 software-5f9949ae57.jpg,/mnd-data/images/assets/04_equipment_assistive_technology/FlexEquip/Eye gaze - Grid Pad Eye 12 with Grid 3 software-5f9949ae57.jpg,Eye gaze - Grid Pad Eye 12 with Grid 3 software,,Eye gaze - EyeMobile 5 with Grid 3 software,image/jpeg,5f9949ae5721c45ef3b681665bfadacf5a7fd5c6a2be938ef9abf5b9cabecd7a,20,2026-08-31
image:85839c9fad9a82c7,equipment_assistive_technology,04_equipment_assistive_technology,flexequip:product-library-communication-eye-gaze-equipment-for-mnd-participants-eye-gaze-system,Eye gaze system,FlexEquip,https://flexequip.com.au/product-library/communication/eye-gaze-equipment-for-mnd-participants/eye-gaze-system,https://flexequip.com.au/images/com_eshop/products/resized/EyemobileCommunicate-cr-600x600.jpg,C:\Users\User1\Downloads\MND DATA\images\assets\04_equipment_assistive_technology\FlexEquip\Eye gaze - EyeMobile 5 with Communicator 5 software-85839c9fad.jpg,images/assets/04_equipment_assistive_technology/FlexEquip/Eye gaze - EyeMobile 5 with Communicator 5 software-85839c9fad.jpg,/mnd-data/images/assets/04_equipment_assistive_technology/FlexEquip/Eye gaze - EyeMobile 5 with Communicator 5 software-85839c9fad.jpg,Eye gaze - EyeMobile 5 with Communicator 5 software,,Eye gaze - Grid Pad Eye 12 with Grid 3 software,image/jpeg,85839c9fad9a82c79b13c399bfdeb2829e4e481c0e9348d4a88aefd72a33d376,20,2026-08-31
image:f78e22dddcd93ac7,equipment_assistive_technology,04_equipment_assistive_technology,flexequip:product-library-communication-mounting-systems-and-supports,Mounting systems and supports,FlexEquip,https://flexequip.com.au/product-library/communication/mounting-systems-and-supports,https://flexequip.com.au/images/com_eshop/products/resized/Mount-switch-gooseneck-2-cr-600x600.jpg,C:\Users\User1\Downloads\MND DATA\images\assets\04_equipment_assistive_technology\FlexEquip\Switch mount - Gooseneck-f78e22dddc.jpg,images/assets/04_equipment_assistive_technology/FlexEquip/Switch mount - Gooseneck-f78e22dddc.jpg,/mnd-data/images/assets/04_equipment_assistive_technology/FlexEquip/Switch mount - Gooseneck-f78e22dddc.jpg,Switch mount - Gooseneck,,iPad mount - RAM Ez Roll'r/XGrip Suction,image/jpeg,f78e22dddcd93ac7cc176729643b643298816a46262c44812d89b3e739505af0,20,2026-08-31
image:d0ef6906993934f5,equipment_assistive_technology,04_equipment_assistive_technology,flexequip:product-library-communication-mounting-systems-and-supports,Mounting systems and supports,FlexEquip,https://flexequip.com.au/product-library/communication/mounting-systems-and-supports,https://flexequip.com.au/images/com_eshop/products/resized/Mount-switch-Latitude%20-%20side-cr-600x600.JPG,C:\Users\User1\Downloads\MND DATA\images\assets\04_equipment_assistive_technology\FlexEquip\Switch mount - Latitude-d0ef690699.jpg,images/assets/04_equipment_assistive_technology/FlexEquip/Switch mount - Latitude-d0ef690699.jpg,/mnd-data/images/assets/04_equipment_assistive_technology/FlexEquip/Switch mount - Latitude-d0ef690699.jpg,Switch mount - Latitude,,Switch mount - Gooseneck,image/jpeg,d0ef6906993934f5034ac868d16eec79ab5f92b12de15c948d6076224c1ff021,20,2026-08-31
image:979c2cd671c3a9b6,equipment_assistive_technology,04_equipment_assistive_technology,flexequip:product-library-communication-mounting-systems-and-supports,Mounting systems and supports,FlexEquip,https://flexequip.com.au/product-library/communication/mounting-systems-and-supports,https://flexequip.com.au/images/com_eshop/products/resized/Locline%20switch%20mount%20with%20super%20clamp%20edited-cr-600x600.jpg,C:\Users\User1\Downloads\MND DATA\images\assets\04_equipment_assistive_technology\FlexEquip\Switch mount - LocLine Super Clamp-979c2cd671.jpg,images/assets/04_equipment_assistive_technology/FlexEquip/Switch mount - LocLine Super Clamp-979c2cd671.jpg,/mnd-data/images/assets/04_equipment_assistive_technology/FlexEquip/Switch mount - LocLine Super Clamp-979c2cd671.jpg,Switch mount - LocLine Super Clamp,,Switch mount - Latitude,image/jpeg,979c2cd671c3a9b69a5499894f305945ea4c8826fe6e81265b561f677d863367,20,2026-08-31
image:ad119822ecacc32f,equipment_assistive_technology,04_equipment_assistive_technology,flexequip:product-library-communication-switch-interfaces-and-connectors,Switch interfaces and connectors,FlexEquip,https://flexequip.com.au/product-library/communication/switch-interfaces-and-connectors,https://flexequip.com.au/images/com_eshop/products/resized/Switchinterface-ApplicatorSQ-cr-600x600.jpg,C:\Users\User1\Downloads\MND DATA\images\assets\04_equipment_assistive_technology\FlexEquip\Bluetooth switch interface-ad119822ec.jpg,images/assets/04_equipment_assistive_technology/FlexEquip/Bluetooth switch interface-ad119822ec.jpg,/mnd-data/images/assets/04_equipment_assistive_technology/FlexEquip/Bluetooth switch interface-ad119822ec.jpg,Bluetooth switch interface ,,AbleNet LITTLEmack - EQ7242,image/jpeg,ad119822ecacc32ff15e748e12b91314908886082e234bc09b8fc7c037ccba2f,20,2026-08-31
image:419f3620b9b87e36,equipment_assistive_technology,04_equipment_assistive_technology,flexequip:product-library-communication-switch-interfaces-and-connectors,Switch interfaces and connectors,FlexEquip,https://flexequip.com.au/product-library/communication/switch-interfaces-and-connectors,https://flexequip.com.au/images/com_eshop/products/resized/JoyCable2SQ-cr-600x600.jpg,C:\Users\User1\Downloads\MND DATA\images\assets\04_equipment_assistive_technology\FlexEquip\JoyCable - switch connector-419f3620b9.jpg,images/assets/04_equipment_assistive_technology/FlexEquip/JoyCable - switch connector-419f3620b9.jpg,/mnd-data/images/assets/04_equipment_assistive_technology/FlexEquip/JoyCable - switch connector-419f3620b9.jpg,JoyCable - switch connector,,Bluetooth switch interface,image/jpeg,419f3620b9b87e36e03640accbaac686c21cd3fc23fac57fe50aa2768253a8a8,20,2026-08-31
image:b99f9c505c10173c,equipment_assistive_technology,04_equipment_assistive_technology,flexequip:product-library-communication-switch-interfaces-and-connectors,Switch interfaces and connectors,FlexEquip,https://flexequip.com.au/product-library/communication/switch-interfaces-and-connectors,https://flexequip.com.au/images/com_eshop/products/resized/EQ7243%20-%20Zavox%20Reo%20Voice%20amplifier%20edited-cr-600x600.jpg,C:\Users\User1\Downloads\MND DATA\images\assets\04_equipment_assistive_technology\FlexEquip\Voice Amplifier - Voice Amplifier with Throat Mic - EQ7243-b99f9c505c.jpg,images/assets/04_equipment_assistive_technology/FlexEquip/Voice Amplifier - Voice Amplifier with Throat Mic - EQ7243-b99f9c505c.jpg,/mnd-data/images/assets/04_equipment_assistive_technology/FlexEquip/Voice Amplifier - Voice Amplifier with Throat Mic - EQ7243-b99f9c505c.jpg,Voice Amplifier - Voice Amplifier with Throat Mic - EQ7243,,JoyCable - switch connector,image/jpeg,b99f9c505c10173c9f4ccbdea97f56bc180d4e107acdaaf1c7caa38e5fb455ac,20,2026-08-31
image:f795308e3df3b88e,equipment_assistive_technology,04_equipment_assistive_technology,flexequip:product-library-communication-switches,Switches,FlexEquip,https://flexequip.com.au/product-library/communication/switches,https://flexequip.com.au/images/com_eshop/products/resized/switch-Cushion2sq-cr-600x600.jpg,C:\Users\User1\Downloads\MND DATA\images\assets\04_equipment_assistive_technology\FlexEquip\Cushion switch-f795308e3d.jpg,images/assets/04_equipment_assistive_technology/FlexEquip/Cushion switch-f795308e3d.jpg,/mnd-data/images/assets/04_equipment_assistive_technology/FlexEquip/Cushion switch-f795308e3d.jpg,Cushion switch,,Click switch,image/jpeg,f795308e3df3b88e5a81e235fe39fc7a5a83a46bb198e79364a5c7257b0cc27a,20,2026-08-31
image:3c19329804431ae3,equipment_assistive_technology,04_equipment_assistive_technology,flexequip:product-library-communication-switches,Switches,FlexEquip,https://flexequip.com.au/product-library/communication/switches,https://flexequip.com.au/images/com_eshop/products/resized/switch-Jelly%20Bean4-cr-600x600.jpg,C:\Users\User1\Downloads\MND DATA\images\assets\04_equipment_assistive_technology\FlexEquip\Jelly Bean switch-3c19329804.jpg,images/assets/04_equipment_assistive_technology/FlexEquip/Jelly Bean switch-3c19329804.jpg,/mnd-data/images/assets/04_equipment_assistive_technology/FlexEquip/Jelly Bean switch-3c19329804.jpg,Jelly Bean switch,,Cushion switch,image/jpeg,3c19329804431ae3428f8e3e0421f917294d53056bf04f5b874aae282b7e75ab,20,2026-08-31
image:0b63bdac0b76f4e9,equipment_assistive_technology,04_equipment_assistive_technology,flexequip:product-library-communication-switches,Switches,FlexEquip,https://flexequip.com.au/product-library/communication/switches,https://flexequip.com.au/images/com_eshop/products/resized/switch%20accessory%20-%20Magic%20Wand%20%20headset%20EQ3774-cr-600x600.jpg,C:\Users\User1\Downloads\MND DATA\images\assets\04_equipment_assistive_technology\FlexEquip\Magic wand headset sensor-0b63bdac0b.jpg,images/assets/04_equipment_assistive_technology/FlexEquip/Magic wand headset sensor-0b63bdac0b.jpg,/mnd-data/images/assets/04_equipment_assistive_technology/FlexEquip/Magic wand headset sensor-0b63bdac0b.jpg,Magic wand headset sensor,,Jelly Bean switch,image/jpeg,0b63bdac0b76f4e9d4b35c971de381cfae0cb3b6a70578c1912b5fbf079d450d,20,2026-08-31
image:a786ce76de48c8a5,equipment_assistive_technology,04_equipment_assistive_technology,flexequip:product-library-communication-switches,Switches,FlexEquip,https://flexequip.com.au/product-library/communication/switches,https://flexequip.com.au/images/com_eshop/products/resized/switch-Magic%20Wand%20flexible2sq-cr-600x600.jpg,C:\Users\User1\Downloads\MND DATA\images\assets\04_equipment_assistive_technology\FlexEquip\Magic Wand switch without headset-a786ce76de.jpg,images/assets/04_equipment_assistive_technology/FlexEquip/Magic Wand switch without headset-a786ce76de.jpg,/mnd-data/images/assets/04_equipment_assistive_technology/FlexEquip/Magic Wand switch without headset-a786ce76de.jpg,Magic Wand switch without headset,,Magic wand headset sensor,image/jpeg,a786ce76de48c8a5ed695615b51bc877218f27bdca52fffc1ec11ac80e724aa5,20,2026-08-31
image:97f43ef5e20fcc0f,equipment_assistive_technology,04_equipment_assistive_technology,flexequip:product-library-communication-switches,Switches,FlexEquip,https://flexequip.com.au/product-library/communication/switches,https://flexequip.com.au/images/com_eshop/products/resized/switch-Micro%20Light2sq-cr-600x600.jpg,C:\Users\User1\Downloads\MND DATA\images\assets\04_equipment_assistive_technology\FlexEquip\Micro light switch-97f43ef5e2.jpg,images/assets/04_equipment_assistive_technology/FlexEquip/Micro light switch-97f43ef5e2.jpg,/mnd-data/images/assets/04_equipment_assistive_technology/FlexEquip/Micro light switch-97f43ef5e2.jpg,Micro light switch,,Magic Wand switch without headset,image/jpeg,97f43ef5e20fcc0f132505070fcd15c32f69f9e54cb8a08a0e67cc073b93c48a,20,2026-08-31
image:cb9be7e958fe087c,equipment_assistive_technology,04_equipment_assistive_technology,flexequip:product-library-mobility-portable-ramps,Portable ramps,FlexEquip,https://flexequip.com.au/product-library/mobility/portable-ramps,https://flexequip.com.au/images/com_eshop/products/resized/Ramp-Decpac-sizes-with-barrier-cr-600x600.jpg,C:\Users\User1\Downloads\MND DATA\images\assets\04_equipment_assistive_technology\FlexEquip\Decpac EBL-cb9be7e958.jpg,images/assets/04_equipment_assistive_technology/FlexEquip/Decpac EBL-cb9be7e958.jpg,/mnd-data/images/assets/04_equipment_assistive_technology/FlexEquip/Decpac EBL-cb9be7e958.jpg,Decpac EBL,,Eshop.jQuery(function ($) { $(document).ready(function () { changeLayout('grid'); }); });,image/jpeg,cb9be7e958fe087c6f3f0c9ecfe0b4db5019e00626cd238db40ad50b4f4d7a7b,20,2026-08-31
image:ec3a5c28d1cb567c,equipment_assistive_technology,04_equipment_assistive_technology,flexequip:product-library-transfer-aids-hoists,Hoists,FlexEquip,https://flexequip.com.au/product-library/transfer-aids/hoists,https://flexequip.com.au/images/com_eshop/products/resized/image_6147f5b682d81_Hoists%20-%20Pivot-cr-600x600.jpg,C:\Users\User1\Downloads\MND DATA\images\assets\04_equipment_assistive_technology\FlexEquip\Pivot hoist-ec3a5c28d1.jpg,images/assets/04_equipment_assistive_technology/FlexEquip/Pivot hoist-ec3a5c28d1.jpg,/mnd-data/images/assets/04_equipment_assistive_technology/FlexEquip/Pivot hoist-ec3a5c28d1.jpg,Pivot hoist,,Eshop.jQuery(function ($) { $(document).ready(function () { changeLayout('grid'); }); });,image/jpeg,ec3a5c28d1cb567cdff9375d71a31ed674f0dcf612feb03f23427f09c21e8ad3,20,2026-08-31
image:f342ebf17c247bcd,equipment_assistive_technology,04_equipment_assistive_technology,flexequip:product-library,FlexEquip Product Library,FlexEquip,https://flexequip.com.au/product-library,https://flexequip.com.au/images/com_eshop/categories/resized/armchairs-combo2-cr-500x500.jpg,C:\Users\User1\Downloads\MND DATA\images\assets\04_equipment_assistive_technology\FlexEquip\Armchairs-f342ebf17c.jpg,images/assets/04_equipment_assistive_technology/FlexEquip/Armchairs-f342ebf17c.jpg,/mnd-data/images/assets/04_equipment_assistive_technology/FlexEquip/Armchairs-f342ebf17c.jpg,Armchairs ,,FlexEquip Product Library,image/jpeg,f342ebf17c247bcdc06f1150c6be43f788ab01c071deb23c9e4263b615104355,19,2026-08-31
image:cfcbefce46662e36,equipment_assistive_technology,04_equipment_assistive_technology,flexequip:product-library,FlexEquip Product Library,FlexEquip,https://flexequip.com.au/product-library,https://flexequip.com.au/images/com_eshop/categories/resized/2Combo-Bathroom3-cr-500x500.jpg,C:\Users\User1\Downloads\MND DATA\images\assets\04_equipment_assistive_technology\FlexEquip\Bathroom-cfcbefce46.jpg,images/assets/04_equipment_assistive_technology/FlexEquip/Bathroom-cfcbefce46.jpg,/mnd-data/images/assets/04_equipment_assistive_technology/FlexEquip/Bathroom-cfcbefce46.jpg,Bathroom,,Armchairs,image/jpeg,cfcbefce46662e36049e99e030bc9c47e26f361ab782993f23cc01a419e2398a,19,2026-08-31
image:7742910b9e0ec865,equipment_assistive_technology,04_equipment_assistive_technology,flexequip:product-library-communication-modified-mouses,Modified mouses,FlexEquip,https://flexequip.com.au/product-library/communication/modified-mouses,https://flexequip.com.au/images/com_eshop/products/resized/mouse-switch%20adaptedsq1-cr-600x600.JPG,C:\Users\User1\Downloads\MND DATA\images\assets\04_equipment_assistive_technology\FlexEquip\Switch adapted computer mouse-7742910b9e.jpg,images/assets/04_equipment_assistive_technology/FlexEquip/Switch adapted computer mouse-7742910b9e.jpg,/mnd-data/images/assets/04_equipment_assistive_technology/FlexEquip/Switch adapted computer mouse-7742910b9e.jpg,Switch adapted computer mouse,,Point it – joystick computer mouse,image/jpeg,7742910b9e0ec865fa02ae95c9d59f54ab577d454935a8d328a4b6aef941c980,19,2026-08-31
image:d3390b33669d6e47,equipment_assistive_technology,04_equipment_assistive_technology,flexequip:product-library-communication-modified-mouses,Modified mouses,FlexEquip,https://flexequip.com.au/product-library/communication/modified-mouses,https://flexequip.com.au/images/com_eshop/products/resized/Computer-Mouse-easycat-set-cr-600x600.JPG,C:\Users\User1\Downloads\MND DATA\images\assets\04_equipment_assistive_technology\FlexEquip\Touchpad computer mouse-d3390b3366.jpg,images/assets/04_equipment_assistive_technology/FlexEquip/Touchpad computer mouse-d3390b3366.jpg,/mnd-data/images/assets/04_equipment_assistive_technology/FlexEquip/Touchpad computer mouse-d3390b3366.jpg,Touchpad computer mouse,,Switch adapted computer mouse,image/jpeg,d3390b33669d6e473b31be5c6109fe33c8df8083603497a4d38d8438c66d7a16,19,2026-08-31
image:f97b6d548a0c4f67,equipment_assistive_technology,04_equipment_assistive_technology,flexequip:product-library-one-off-specialised-equipment-for-flexequip-ndis-bundle-participants-only,One-Off specialised equipment for FlexEquip NDIS Bundle Participants Only,FlexEquip,https://flexequip.com.au/product-library/one-off-specialised-equipment-for-flexequip-ndis-bundle-participants-only,https://flexequip.com.au/images/com_eshop/products/resized/EQ7714%20Aspire%20standing%20sling%20edited%20-cr-600x600.jpg,C:\Users\User1\Downloads\MND DATA\images\assets\04_equipment_assistive_technology\FlexEquip\Aspire Deluxe Standing Sling - Medium - EQ7714-f97b6d548a.jpg,images/assets/04_equipment_assistive_technology/FlexEquip/Aspire Deluxe Standing Sling - Medium - EQ7714-f97b6d548a.jpg,/mnd-data/images/assets/04_equipment_assistive_technology/FlexEquip/Aspire Deluxe Standing Sling - Medium - EQ7714-f97b6d548a.jpg,Aspire Deluxe Standing Sling - Medium - EQ7714,,Armchair recliner tilt - Aspire Posture Pro Recliner - EQ7411,image/jpeg,f97b6d548a0c4f6735d12565865f396a9fe7830b780d116e9ab6719e6c692ad2,19,2026-08-31
image:95fe5aec459d2296,equipment_assistive_technology,04_equipment_assistive_technology,flexequip:product-library-transfer-aids,Transfer aids,FlexEquip,https://flexequip.com.au/product-library/transfer-aids,https://flexequip.com.au/images/com_eshop/categories/resized/hoist-pivot-cr-500x500.jpg,C:\Users\User1\Downloads\MND DATA\images\assets\04_equipment_assistive_technology\FlexEquip\Hoists-95fe5aec45.jpg,images/assets/04_equipment_assistive_technology/FlexEquip/Hoists-95fe5aec45.jpg,/mnd-data/images/assets/04_equipment_assistive_technology/FlexEquip/Hoists-95fe5aec45.jpg,Hoists,,Handy Bar,image/jpeg,95fe5aec459d22960b8b7b060c845fb4ba912e3acb4af7c4b182f57960b836b1,19,2026-08-31
image:38feb9772d55c238,equipment_assistive_technology,04_equipment_assistive_technology,flexequip:product-library-transfer-aids,Transfer aids,FlexEquip,https://flexequip.com.au/product-library/transfer-aids,https://flexequip.com.au/images/com_eshop/categories/resized/transfer-board-curved-plastic%202-cr-500x500.jpg,C:\Users\User1\Downloads\MND DATA\images\assets\04_equipment_assistive_technology\FlexEquip\Slide transfer board-38feb9772d.jpg,images/assets/04_equipment_assistive_technology/FlexEquip/Slide transfer board-38feb9772d.jpg,/mnd-data/images/assets/04_equipment_assistive_technology/FlexEquip/Slide transfer board-38feb9772d.jpg,Slide transfer board,,Over bed pole,image/jpeg,38feb9772d55c2381f4c4e768cd9a2c625e20ed041e8dc308f4546eb4fbd3173,19,2026-08-31
image:34343ad45b171623,equipment_assistive_technology,04_equipment_assistive_technology,flexequip:product-library-armchairs-one-off-specialised-armchairs-for-flexequip-ndis-bundle-participants-only,One-Off specialised armchairs for FlexEquip NDIS Bundle Participants Only,FlexEquip,https://flexequip.com.au/product-library/armchairs/one-off-specialised-armchairs-for-flexequip-ndis-bundle-participants-only,https://flexequip.com.au/images/com_eshop/products/resized/EQ6981%20Stand%20pic1%20edited-cr-600x600.jpg,C:\Users\User1\Downloads\MND DATA\images\assets\04_equipment_assistive_technology\FlexEquip\ResMed homecare stand - EQ6981-34343ad45b.jpg,images/assets/04_equipment_assistive_technology/FlexEquip/ResMed homecare stand - EQ6981-34343ad45b.jpg,/mnd-data/images/assets/04_equipment_assistive_technology/FlexEquip/ResMed homecare stand - EQ6981-34343ad45b.jpg,ResMed homecare stand - EQ6981,,Eshop.jQuery(function ($) { $(document).ready(function () { changeLayout('grid'); }); });,image/jpeg,34343ad45b1716233aa6610f9fc6fea4994aea272439819d006e5cb45affe809,17,2026-08-31
image:e428bb5ea0f46dc0,equipment_assistive_technology,04_equipment_assistive_technology,flexequip:product-library-beds-and-bed-equipment,Beds and bed equipment,FlexEquip,https://flexequip.com.au/product-library/beds-and-bed-equipment,https://flexequip.com.au/images/com_eshop/products/resized/Zephair-ZA1000-premiflex-ultra-premium-breathe-pressure-care-cr-600x600.jpg,C:\Users\User1\Downloads\MND DATA\images\assets\04_equipment_assistive_technology\FlexEquip\Mattress replacement system - hybrid foam air high level-e428bb5ea0.jpg,images/assets/04_equipment_assistive_technology/FlexEquip/Mattress replacement system - hybrid foam air high level-e428bb5ea0.jpg,/mnd-data/images/assets/04_equipment_assistive_technology/FlexEquip/Mattress replacement system - hybrid foam air high level-e428bb5ea0.jpg,Mattress replacement system - hybrid foam/air high level ,,Mattress replacement system - alternating air - high profile,image/jpeg,e428bb5ea0f46dc0377bb6f6926ff5eab85f673077cb67220ded67e35b6b3403,17,2026-08-31
image:e81152a318190759,equipment_assistive_technology,04_equipment_assistive_technology,flexequip:product-library-pressure-care,Pressure care,FlexEquip,https://flexequip.com.au/product-library/pressure-care,https://flexequip.com.au/images/com_eshop/categories/resized/mattress-overlay-alt-air-Smik-cr-500x500.jpg,C:\Users\User1\Downloads\MND DATA\images\assets\04_equipment_assistive_technology\FlexEquip\Mattress-e81152a318.jpg,images/assets/04_equipment_assistive_technology/FlexEquip/Mattress-e81152a318.jpg,/mnd-data/images/assets/04_equipment_assistive_technology/FlexEquip/Mattress-e81152a318.jpg,Mattress,,Cushion,image/jpeg,e81152a318190759df3c81d42f901fdf3a21b9d0e68b7db234d3c1303ed26791,16,2026-08-31
image:74b49559d966e47f,equipment_assistive_technology,04_equipment_assistive_technology,flexequip:product-library-pressure-care-mattress,Mattress,FlexEquip,https://flexequip.com.au/product-library/pressure-care/mattress,https://flexequip.com.au/images/com_eshop/categories/resized/Foam%20Mattress%20Eurocare%20Dynamic%20-cr-500x500.jpg,C:\Users\User1\Downloads\MND DATA\images\assets\04_equipment_assistive_technology\FlexEquip\Mattress - foam medical grade-74b49559d9.jpg,images/assets/04_equipment_assistive_technology/FlexEquip/Mattress - foam medical grade-74b49559d9.jpg,/mnd-data/images/assets/04_equipment_assistive_technology/FlexEquip/Mattress - foam medical grade-74b49559d9.jpg,Mattress - foam medical grade,,Mattress,image/jpeg,74b49559d966e47f50ca019c296a4f3e5cac3e964a67b6e0fcbd22ea0a2c88ae,16,2026-08-31
image:44464754956e0a48,equipment_assistive_technology,04_equipment_assistive_technology,flexequip:product-library-communication-mounting-systems-and-supports,Mounting systems and supports,FlexEquip,https://flexequip.com.au/product-library/communication/mounting-systems-and-supports,https://flexequip.com.au/images/com_eshop/products/resized/image_6147e477b560f_armrest%20-%20Ergorest-cr-600x600.JPG,C:\Users\User1\Downloads\MND DATA\images\assets\04_equipment_assistive_technology\FlexEquip\ErgoRest-4446475495.jpg,images/assets/04_equipment_assistive_technology/FlexEquip/ErgoRest-4446475495.jpg,/mnd-data/images/assets/04_equipment_assistive_technology/FlexEquip/ErgoRest-4446475495.jpg,ErgoRest,,Eshop.jQuery(function ($) { $(document).ready(function () { changeLayout('grid'); }); });,image/jpeg,44464754956e0a485132eaf3f27f4e5fc2967d7150deaca984d15fb6f6738c15,15,2026-08-31
image:a38a738edc22dfa6,equipment_assistive_technology,04_equipment_assistive_technology,flexequip:product-library-communication-mounting-systems-and-supports,Mounting systems and supports,FlexEquip,https://flexequip.com.au/product-library/communication/mounting-systems-and-supports,https://flexequip.com.au/images/com_eshop/products/resized/Mount-iPad-RAMXSQ-cr-600x600.jpg,C:\Users\User1\Downloads\MND DATA\images\assets\04_equipment_assistive_technology\FlexEquip\iPad mount - RAM Ez Roll'r XGrip Suction-a38a738edc.jpg,images/assets/04_equipment_assistive_technology/FlexEquip/iPad mount - RAM Ez Roll'r XGrip Suction-a38a738edc.jpg,/mnd-data/images/assets/04_equipment_assistive_technology/FlexEquip/iPad mount - RAM Ez Roll'r XGrip Suction-a38a738edc.jpg,iPad mount - RAM Ez Roll'r/XGrip Suction,,ErgoRest,image/jpeg,a38a738edc22dfa624240642676d06abbd03a2d98e0ebada3e1b937b9f6a4c0c,15,2026-08-31
image:ab563c8f3e71b833,equipment_assistive_technology,04_equipment_assistive_technology,flexequip:product-library-communication-portable-communication-aids,Portable communication aids,FlexEquip,https://flexequip.com.au/product-library/communication/portable-communication-aids,https://flexequip.com.au/images/com_eshop/products/resized/E-Tran-Board-cr-600x600.jpg,C:\Users\User1\Downloads\MND DATA\images\assets\04_equipment_assistive_technology\FlexEquip\E-Tran board-ab563c8f3e.jpg,images/assets/04_equipment_assistive_technology/FlexEquip/E-Tran board-ab563c8f3e.jpg,/mnd-data/images/assets/04_equipment_assistive_technology/FlexEquip/E-Tran board-ab563c8f3e.jpg,E-Tran board,,Eshop.jQuery(function ($) { $(document).ready(function () { changeLayout('grid'); }); });,image/jpeg,ab563c8f3e71b833d36c7852eeabbc09213bd8e360b0ec22f22e493e4bbd5345,15,2026-08-31
image:f5d0aed29897845a,equipment_assistive_technology,04_equipment_assistive_technology,flexequip:product-library-communication-portable-communication-aids,Portable communication aids,FlexEquip,https://flexequip.com.au/product-library/communication/portable-communication-aids,https://flexequip.com.au/images/com_eshop/products/resized/iPad-in-AssistiveExpress-cr-600x600.jpg,C:\Users\User1\Downloads\MND DATA\images\assets\04_equipment_assistive_technology\FlexEquip\iPad - with Assistive Express-f5d0aed298.jpg,images/assets/04_equipment_assistive_technology/FlexEquip/iPad - with Assistive Express-f5d0aed298.jpg,/mnd-data/images/assets/04_equipment_assistive_technology/FlexEquip/iPad - with Assistive Express-f5d0aed298.jpg,iPad - with Assistive Express,,E-Tran board,image/jpeg,f5d0aed29897845ad1dcbf827d94cf0235e2ee5373c0ac5dfc23b86ee7b8208f,15,2026-08-31
image:fe122f7832a97964,equipment_assistive_technology,04_equipment_assistive_technology,flexequip:product-library-communication-portable-communication-aids,Portable communication aids,FlexEquip,https://flexequip.com.au/product-library/communication/portable-communication-aids,https://flexequip.com.au/images/com_eshop/products/resized/iPad-in-Predictable-cr-600x600.jpg,C:\Users\User1\Downloads\MND DATA\images\assets\04_equipment_assistive_technology\FlexEquip\iPad - with Predictable-fe122f7832.jpg,images/assets/04_equipment_assistive_technology/FlexEquip/iPad - with Predictable-fe122f7832.jpg,/mnd-data/images/assets/04_equipment_assistive_technology/FlexEquip/iPad - with Predictable-fe122f7832.jpg,iPad - with Predictable,,iPad - with Assistive Express,image/jpeg,fe122f7832a97964bed63d9271dc61c00e690d091483f50c215ae2b671e00010,15,2026-08-31
image:1c26de64c12c7a5b,equipment_assistive_technology,04_equipment_assistive_technology,flexequip:product-library-communication-portable-communication-aids,Portable communication aids,FlexEquip,https://flexequip.com.au/product-library/communication/portable-communication-aids,https://flexequip.com.au/images/com_eshop/products/resized/iPad-in-Proloquo-cr-600x600.jpg,C:\Users\User1\Downloads\MND DATA\images\assets\04_equipment_assistive_technology\FlexEquip\iPad - with Proloquo2go-1c26de64c1.jpg,images/assets/04_equipment_assistive_technology/FlexEquip/iPad - with Proloquo2go-1c26de64c1.jpg,/mnd-data/images/assets/04_equipment_assistive_technology/FlexEquip/iPad - with Proloquo2go-1c26de64c1.jpg,iPad - with Proloquo2go,,iPad - with Predictable,image/jpeg,1c26de64c12c7a5b8a3e6af7e0fb1df3f6aaa2eda6e49fa918a5be1b2dcdde4a,15,2026-08-31
image:50d98a63df7e80e3,equipment_assistive_technology,04_equipment_assistive_technology,flexequip:product-library-communication-portable-communication-aids,Portable communication aids,FlexEquip,https://flexequip.com.au/product-library/communication/portable-communication-aids,https://flexequip.com.au/images/com_eshop/products/resized/no-image-cr-600x600.png,C:\Users\User1\Downloads\MND DATA\images\assets\04_equipment_assistive_technology\FlexEquip\iPad - HP Trial Set 2weeks with all Apps-50d98a63df.png,images/assets/04_equipment_assistive_technology/FlexEquip/iPad - HP Trial Set 2weeks with all Apps-50d98a63df.png,/mnd-data/images/assets/04_equipment_assistive_technology/FlexEquip/iPad - HP Trial Set 2weeks with all Apps-50d98a63df.png,iPad - HP Trial Set/2weeks with all Apps,,iPad - with Proloquo2go,image/png,50d98a63df7e80e3611e2a2a675313d66562d750fc9a50572e15dfd9c0ca92a9,15,2026-08-31
image:db54983bdcc61eaa,equipment_assistive_technology,04_equipment_assistive_technology,flexequip:product-library-communication-portable-communication-aids,Portable communication aids,FlexEquip,https://flexequip.com.au/product-library/communication/portable-communication-aids,https://flexequip.com.au/images/com_eshop/products/resized/laser%20head%20pointersq-cr-600x600.jpg,C:\Users\User1\Downloads\MND DATA\images\assets\04_equipment_assistive_technology\FlexEquip\Head pointer - laser-db54983bdc.jpg,images/assets/04_equipment_assistive_technology/FlexEquip/Head pointer - laser-db54983bdc.jpg,/mnd-data/images/assets/04_equipment_assistive_technology/FlexEquip/Head pointer - laser-db54983bdc.jpg,Head pointer - laser,,iPad - HP Trial Set/2weeks with all Apps,image/jpeg,db54983bdcc61eaabd6863dd7279a2260e9907c376143c0114f380eee5966420,15,2026-08-31
image:919c011c0164c93b,equipment_assistive_technology,04_equipment_assistive_technology,flexequip:product-library-communication-switch-interfaces-and-connectors,Switch interfaces and connectors,FlexEquip,https://flexequip.com.au/product-library/communication/switch-interfaces-and-connectors,https://flexequip.com.au/images/com_eshop/products/resized/littlemack1_02400-cr-600x600.jpg,C:\Users\User1\Downloads\MND DATA\images\assets\04_equipment_assistive_technology\FlexEquip\AbleNet LITTLEmack - EQ7242-919c011c01.jpg,images/assets/04_equipment_assistive_technology/FlexEquip/AbleNet LITTLEmack - EQ7242-919c011c01.jpg,/mnd-data/images/assets/04_equipment_assistive_technology/FlexEquip/AbleNet LITTLEmack - EQ7242-919c011c01.jpg,AbleNet LITTLEmack - EQ7242,,Eshop.jQuery(function ($) { $(document).ready(function () { changeLayout('grid'); }); });,image/jpeg,919c011c0164c93b494e0c9e3e9f102bc93c18ecf6a5eb36cf7fd5c363a605fb,15,2026-08-31
image:1d48105d74c909b0,equipment_assistive_technology,04_equipment_assistive_technology,flexequip:product-library-neck-support,Neck support,FlexEquip,https://flexequip.com.au/product-library/neck-support,https://flexequip.com.au/images/com_eshop/products/resized/Collar-Headmaster-collar-in-use-2-cr-600x600.jpg,C:\Users\User1\Downloads\MND DATA\images\assets\04_equipment_assistive_technology\FlexEquip\Headmaster collar-1d48105d74.jpg,images/assets/04_equipment_assistive_technology/FlexEquip/Headmaster collar-1d48105d74.jpg,/mnd-data/images/assets/04_equipment_assistive_technology/FlexEquip/Headmaster collar-1d48105d74.jpg,Headmaster collar,,Eshop.jQuery(function ($) { $(document).ready(function () { changeLayout('grid'); }); });,image/jpeg,1d48105d74c909b05b049a9d1d93e1172a9e4e5b6fa08b0e4570cf5d35b11cc3,15,2026-08-31
image:99fe8c773ffe9c4b,equipment_assistive_technology,04_equipment_assistive_technology,flexequip:home,FlexEquip - Assistive Technology,FlexEquip,https://flexequip.com.au,https://flexequip.com.au/images/template/mnd_acnc.png,C:\Users\User1\Downloads\MND DATA\images\assets\04_equipment_assistive_technology\FlexEquip\FlexEquip - Assistive Technology-99fe8c773f.png,images/assets/04_equipment_assistive_technology/FlexEquip/FlexEquip - Assistive Technology-99fe8c773f.png,/mnd-data/images/assets/04_equipment_assistive_technology/FlexEquip/FlexEquip - Assistive Technology-99fe8c773f.png,,,FlexEquip is a service of MND NSW,image/png,99fe8c773ffe9c4bb3fb070fe92bfc60262042ccab110ceefe2992510fbe7a7b,14,2026-08-31
image:e776c9c1aaf78059,equipment_assistive_technology,04_equipment_assistive_technology,flexequip:home,FlexEquip - Assistive Technology,FlexEquip,https://flexequip.com.au,https://flexequip.com.au/media/yootheme/cache/23/mnd_acnc-230ec65f.webp,C:\Users\User1\Downloads\MND DATA\images\assets\04_equipment_assistive_technology\FlexEquip\FlexEquip - Assistive Technology-e776c9c1aa.webp,images/assets/04_equipment_assistive_technology/FlexEquip/FlexEquip - Assistive Technology-e776c9c1aa.webp,/mnd-data/images/assets/04_equipment_assistive_technology/FlexEquip/FlexEquip - Assistive Technology-e776c9c1aa.webp,,,FlexEquip is a service of MND NSW,image/webp,e776c9c1aaf78059f60ed45926b6af1a0e57efc06095186bab167acc4d84fdc9,14,2026-08-31
image:847fe60d4d34d48b,equipment_assistive_technology,04_equipment_assistive_technology,flexequip:product-library-bathroom-over-toilet-aid-toilet-surround,Over toilet aid/Toilet surround,FlexEquip,https://flexequip.com.au/product-library/bathroom/over-toilet-aid-toilet-surround,https://flexequip.com.au/images/com_eshop/products/resized/image_6386c0e398319_over-toilet-aid-splash-guard-cr-600x600.jpg,C:\Users\User1\Downloads\MND DATA\images\assets\04_equipment_assistive_technology\FlexEquip\Over toilet aid-847fe60d4d.jpg,images/assets/04_equipment_assistive_technology/FlexEquip/Over toilet aid-847fe60d4d.jpg,/mnd-data/images/assets/04_equipment_assistive_technology/FlexEquip/Over toilet aid-847fe60d4d.jpg,Over toilet aid,,Eshop.jQuery(function ($) { $(document).ready(function () { changeLayout('grid'); }); });,image/jpeg,847fe60d4d34d48ba6bb416f99622ce0decbbaa4b19ee8d3a82a760485ebf9eb,14,2026-08-31
image:4519eeb91b91ad44,equipment_assistive_technology,04_equipment_assistive_technology,flexequip:product-library-bathroom-over-toilet-aid-toilet-surround,Over toilet aid/Toilet surround,FlexEquip,https://flexequip.com.au/product-library/bathroom/over-toilet-aid-toilet-surround,https://flexequip.com.au/images/com_eshop/products/resized/Toilet-surround%202-cr-600x600.JPG,C:\Users\User1\Downloads\MND DATA\images\assets\04_equipment_assistive_technology\FlexEquip\Toilet surround-4519eeb91b.jpg,images/assets/04_equipment_assistive_technology/FlexEquip/Toilet surround-4519eeb91b.jpg,/mnd-data/images/assets/04_equipment_assistive_technology/FlexEquip/Toilet surround-4519eeb91b.jpg,Toilet surround,,Over toilet aid,image/jpeg,4519eeb91b91ad44903d75a9bc775a3b97bb30e155b4c7eac0f1f802645251ad,14,2026-08-31
image:482bf9bbd553c9f2,equipment_assistive_technology,04_equipment_assistive_technology,flexequip:product-library-bathroom-transfer-bench-sliding,Transfer bench - sliding,FlexEquip,https://flexequip.com.au/product-library/bathroom/transfer-bench-sliding,https://flexequip.com.au/images/com_eshop/products/resized/TransferBench-sq3-cr-600x600.jpg,C:\Users\User1\Downloads\MND DATA\images\assets\04_equipment_assistive_technology\FlexEquip\Sliding transfer bench-482bf9bbd5.jpg,images/assets/04_equipment_assistive_technology/FlexEquip/Sliding transfer bench-482bf9bbd5.jpg,/mnd-data/images/assets/04_equipment_assistive_technology/FlexEquip/Sliding transfer bench-482bf9bbd5.jpg,Sliding transfer bench,,Eshop.jQuery(function ($) { $(document).ready(function () { changeLayout('grid'); }); });,image/jpeg,482bf9bbd553c9f20e694b931138ce8d68fd701caf26a9ac5ba14d337fce7c94,14,2026-08-31
image:2e486ec1642c2cf9,equipment_assistive_technology,04_equipment_assistive_technology,flexequip:product-library-communication-environmental-control-units,Environmental control units,FlexEquip,https://flexequip.com.au/product-library/communication/environmental-control-units,https://flexequip.com.au/images/com_eshop/products/resized/HouseMate.sq1-cr-600x600.JPG,C:\Users\User1\Downloads\MND DATA\images\assets\04_equipment_assistive_technology\FlexEquip\HouseMate Lite-2e486ec164.jpg,images/assets/04_equipment_assistive_technology/FlexEquip/HouseMate Lite-2e486ec164.jpg,/mnd-data/images/assets/04_equipment_assistive_technology/FlexEquip/HouseMate Lite-2e486ec164.jpg,HouseMate Lite,,Eshop.jQuery(function ($) { $(document).ready(function () { changeLayout('grid'); }); });,image/jpeg,2e486ec1642c2cf91bc6ff8a1b3c72086f381b6a259d59e6a02bb65087853d48,14,2026-08-31
image:0e875cb85de5b61b,equipment_assistive_technology,04_equipment_assistive_technology,flexequip:product-library-communication-headsets,Headsets,FlexEquip,https://flexequip.com.au/product-library/communication/headsets,https://flexequip.com.au/images/com_eshop/products/resized/Combined%20headset%20image-cr-600x600.jpg,C:\Users\User1\Downloads\MND DATA\images\assets\04_equipment_assistive_technology\FlexEquip\Headset - with microphone-0e875cb85d.jpg,images/assets/04_equipment_assistive_technology/FlexEquip/Headset - with microphone-0e875cb85d.jpg,/mnd-data/images/assets/04_equipment_assistive_technology/FlexEquip/Headset - with microphone-0e875cb85d.jpg,Headset - with microphone,,Eshop.jQuery(function ($) { $(document).ready(function () { changeLayout('grid'); }); });,image/jpeg,0e875cb85de5b61baca92b300d052def2e18a6a6cd184c0ef973f63d59932929,14,2026-08-31
image:c0aef6ee8a2048ce,equipment_assistive_technology,04_equipment_assistive_technology,flexequip:product-library-communication-modified-mouses,Modified mouses,FlexEquip,https://flexequip.com.au/product-library/communication/modified-mouses,https://flexequip.com.au/images/com_eshop/products/resized/mouse%20-%20OptimaSQ-cr-600x600.jpg,C:\Users\User1\Downloads\MND DATA\images\assets\04_equipment_assistive_technology\FlexEquip\Optima - joystick computer mouse-c0aef6ee8a.jpg,images/assets/04_equipment_assistive_technology/FlexEquip/Optima - joystick computer mouse-c0aef6ee8a.jpg,/mnd-data/images/assets/04_equipment_assistive_technology/FlexEquip/Optima - joystick computer mouse-c0aef6ee8a.jpg,Optima - joystick computer mouse,,Eshop.jQuery(function ($) { $(document).ready(function () { changeLayout('grid'); }); });,image/jpeg,c0aef6ee8a2048ce4db7b670cc794bdd241db29f262c3a7751e03340cb421573,14,2026-08-31
image:0280fbcbfa4ad887,equipment_assistive_technology,04_equipment_assistive_technology,flexequip:product-library-communication-modified-mouses,Modified mouses,FlexEquip,https://flexequip.com.au/product-library/communication/modified-mouses,https://flexequip.com.au/images/com_eshop/products/resized/Point-it-mouse-carrot-knob-2-cr-600x600.JPG,C:\Users\User1\Downloads\MND DATA\images\assets\04_equipment_assistive_technology\FlexEquip\Point it – joystick computer mouse-0280fbcbfa.jpg,images/assets/04_equipment_assistive_technology/FlexEquip/Point it – joystick computer mouse-0280fbcbfa.jpg,/mnd-data/images/assets/04_equipment_assistive_technology/FlexEquip/Point it – joystick computer mouse-0280fbcbfa.jpg,Point it – joystick computer mouse,,Optima - joystick computer mouse,image/jpeg,0280fbcbfa4ad887476223547f5c82afd8666453cb912acd64afd350ec107a82,14,2026-08-31
image:dcafd2221cba7dc7,equipment_assistive_technology,04_equipment_assistive_technology,flexequip:product-library-communication-modified-mouses,Modified mouses,FlexEquip,https://flexequip.com.au/product-library/communication/modified-mouses,https://flexequip.com.au/images/com_eshop/products/resized/mouse-Trackball-1SQ-cr-600x600.jpg,C:\Users\User1\Downloads\MND DATA\images\assets\04_equipment_assistive_technology\FlexEquip\Track ball computer mouse-dcafd2221c.jpg,images/assets/04_equipment_assistive_technology/FlexEquip/Track ball computer mouse-dcafd2221c.jpg,/mnd-data/images/assets/04_equipment_assistive_technology/FlexEquip/Track ball computer mouse-dcafd2221c.jpg,Track ball computer mouse,,Touchpad computer mouse,image/jpeg,dcafd2221cba7dc7125881e603ed60dfd802f96b7756726c5522ca9ccddc6dd4,14,2026-08-31
image:8ad9bfd54352b1b7,equipment_assistive_technology,04_equipment_assistive_technology,flexequip:product-library-communication-voice-amplifiers,Voice amplifiers,FlexEquip,https://flexequip.com.au/product-library/communication/voice-amplifiers,https://flexequip.com.au/images/com_eshop/products/resized/voice-amplifierSQ-cr-600x600.jpg,C:\Users\User1\Downloads\MND DATA\images\assets\04_equipment_assistive_technology\FlexEquip\Voice Amplifier - Spokeman-8ad9bfd543.jpg,images/assets/04_equipment_assistive_technology/FlexEquip/Voice Amplifier - Spokeman-8ad9bfd543.jpg,/mnd-data/images/assets/04_equipment_assistive_technology/FlexEquip/Voice Amplifier - Spokeman-8ad9bfd543.jpg,Voice Amplifier - Spokeman,,Eshop.jQuery(function ($) { $(document).ready(function () { changeLayout('grid'); }); });,image/jpeg,8ad9bfd54352b1b72b6507e76d682622563c3248b46a6e97e2793a5280c457e2,14,2026-08-31
image:850f719db5dc10fa,equipment_assistive_technology,04_equipment_assistive_technology,flexequip:product-library-communication-voice-banking,Voice banking,FlexEquip,https://flexequip.com.au/product-library/communication/voice-banking,https://flexequip.com.au/images/com_eshop/products/resized/image_683f91efbf2b3_Eleven%20Labs-cr-600x600.jpg,C:\Users\User1\Downloads\MND DATA\images\assets\04_equipment_assistive_technology\FlexEquip\Voice banking-850f719db5.jpg,images/assets/04_equipment_assistive_technology/FlexEquip/Voice banking-850f719db5.jpg,/mnd-data/images/assets/04_equipment_assistive_technology/FlexEquip/Voice banking-850f719db5.jpg,Voice banking,,Eshop.jQuery(function ($) { $(document).ready(function () { changeLayout('grid'); }); });,image/jpeg,850f719db5dc10fab9d1e6347fb79e59d291725ed0c6e6f0ca708bf2142c69bc,14,2026-08-31
image:fa75cf7095d7069d,equipment_assistive_technology,04_equipment_assistive_technology,flexequip:product-library-pressure-care-cushion,Cushion,FlexEquip,https://flexequip.com.au/product-library/pressure-care/cushion,https://flexequip.com.au/images/com_eshop/categories/resized/varilite%20cushion%201-cr-500x500.jpg,C:\Users\User1\Downloads\MND DATA\images\assets\04_equipment_assistive_technology\FlexEquip\Cushion - Air Foam Combination-fa75cf7095.jpg,images/assets/04_equipment_assistive_technology/FlexEquip/Cushion - Air Foam Combination-fa75cf7095.jpg,/mnd-data/images/assets/04_equipment_assistive_technology/FlexEquip/Cushion - Air Foam Combination-fa75cf7095.jpg,Cushion - Air/Foam Combination,,Cushion,image/jpeg,fa75cf7095d7069de6714e2d3f0834e640fa1fb7996ab6ea2006fe2a771e5bb8,14,2026-08-31
image:90bcd2c61251822d,equipment_assistive_technology,04_equipment_assistive_technology,flexequip:product-library-pressure-care-cushion,Cushion,FlexEquip,https://flexequip.com.au/product-library/pressure-care/cushion,https://flexequip.com.au/images/com_eshop/categories/resized/cushion%20-%20Roho%20cells-cr-500x500.jpg,C:\Users\User1\Downloads\MND DATA\images\assets\04_equipment_assistive_technology\FlexEquip\Cushion - Roho-90bcd2c612.jpg,images/assets/04_equipment_assistive_technology/FlexEquip/Cushion - Roho-90bcd2c612.jpg,/mnd-data/images/assets/04_equipment_assistive_technology/FlexEquip/Cushion - Roho-90bcd2c612.jpg,Cushion - Roho,,Cushion - gel,image/jpeg,90bcd2c61251822d46219e7ac80ac9c9d11a7ea1794dec0a9f67af7bef704324,14,2026-08-31
image:652e2e114595fc67,equipment_assistive_technology,04_equipment_assistive_technology,flexequip:product-library-pressure-care-cushion-cushion-air-foam-combination,Cushion - Air/Foam Combination,FlexEquip,https://flexequip.com.au/product-library/pressure-care/cushion/cushion-air-foam-combination,https://flexequip.com.au/images/com_eshop/products/resized/varilite%20cushion%202%20Copy-cr-600x600.jpg,C:\Users\User1\Downloads\MND DATA\images\assets\04_equipment_assistive_technology\FlexEquip\Cushion Varilite Evolution Air Foam High Profile-652e2e1145.jpg,images/assets/04_equipment_assistive_technology/FlexEquip/Cushion Varilite Evolution Air Foam High Profile-652e2e1145.jpg,/mnd-data/images/assets/04_equipment_assistive_technology/FlexEquip/Cushion Varilite Evolution Air Foam High Profile-652e2e1145.jpg,Cushion Varilite Evolution Air/Foam High Profile,,Eshop.jQuery(function ($) { $(document).ready(function () { changeLayout('grid'); }); });,image/jpeg,652e2e114595fc6758f0746803ba3dedbdefdcd68b54b07b75a18a6746c8c715,14,2026-08-31
image:7d87726e24495d30,equipment_assistive_technology,04_equipment_assistive_technology,flexequip:product-library-pressure-care-cushion-cushion-gel,Cushion - gel,FlexEquip,https://flexequip.com.au/product-library/pressure-care/cushion/cushion-gel,https://flexequip.com.au/images/com_eshop/products/resized/image_6147f38abf655_cushion-gel-high-profile-jay-2-Deep-Contour-cover-cr-600x600.png,C:\Users\User1\Downloads\MND DATA\images\assets\04_equipment_assistive_technology\FlexEquip\Gel high profile cushion-7d87726e24.png,images/assets/04_equipment_assistive_technology/FlexEquip/Gel high profile cushion-7d87726e24.png,/mnd-data/images/assets/04_equipment_assistive_technology/FlexEquip/Gel high profile cushion-7d87726e24.png,Gel high profile cushion,,Eshop.jQuery(function ($) { $(document).ready(function () { changeLayout('grid'); }); });,image/png,7d87726e24495d309ec4a76905ee788f835e7c8ed2125e9b2e312fca8e29739a,14,2026-08-31
image:df56e5efb569c31a,equipment_assistive_technology,04_equipment_assistive_technology,flexequip:product-library-pressure-care-cushion-cushion-gel,Cushion - gel,FlexEquip,https://flexequip.com.au/product-library/pressure-care/cushion/cushion-gel,https://flexequip.com.au/images/com_eshop/products/resized/cushion-gel-LP-ActionPilot5-cr-600x600.jpg,C:\Users\User1\Downloads\MND DATA\images\assets\04_equipment_assistive_technology\FlexEquip\Gel low profile cushion-df56e5efb5.jpg,images/assets/04_equipment_assistive_technology/FlexEquip/Gel low profile cushion-df56e5efb5.jpg,/mnd-data/images/assets/04_equipment_assistive_technology/FlexEquip/Gel low profile cushion-df56e5efb5.jpg,Gel low profile cushion,,Gel high profile cushion,image/jpeg,df56e5efb569c31a962b20e6812245d41ab74e4dbd41ef510ca8d18eea9b2cb1,14,2026-08-31
image:f5f521dbdde72465,equipment_assistive_technology,04_equipment_assistive_technology,flexequip:product-library-pressure-care-cushion-cushion-roho,Cushion - Roho,FlexEquip,https://flexequip.com.au/product-library/pressure-care/cushion/cushion-roho,https://flexequip.com.au/images/com_eshop/products/resized/cushion-Roho-LP-singlevalve3-cr-600x600.jpg,C:\Users\User1\Downloads\MND DATA\images\assets\04_equipment_assistive_technology\FlexEquip\Roho low profile cushion-f5f521dbdd.jpg,images/assets/04_equipment_assistive_technology/FlexEquip/Roho low profile cushion-f5f521dbdd.jpg,/mnd-data/images/assets/04_equipment_assistive_technology/FlexEquip/Roho low profile cushion-f5f521dbdd.jpg,Roho low profile cushion,,Eshop.jQuery(function ($) { $(document).ready(function () { changeLayout('grid'); }); });,image/jpeg,f5f521dbdde724653e529ff3616bec529802c1dacbb42bdaa96e12088f698ee3,14,2026-08-31
image:f31af05d4ac7fb5e,equipment_assistive_technology,04_equipment_assistive_technology,flexequip:product-library-pressure-care-cushion-cushion-roho,Cushion - Roho,FlexEquip,https://flexequip.com.au/product-library/pressure-care/cushion/cushion-roho,https://flexequip.com.au/images/com_eshop/products/resized/image_614c03d0953db_cushion-Roho-HP-singlevalve2-cr-600x600.jpg,C:\Users\User1\Downloads\MND DATA\images\assets\04_equipment_assistive_technology\FlexEquip\Roho high profile cushion-f31af05d4a.jpg,images/assets/04_equipment_assistive_technology/FlexEquip/Roho high profile cushion-f31af05d4a.jpg,/mnd-data/images/assets/04_equipment_assistive_technology/FlexEquip/Roho high profile cushion-f31af05d4a.jpg,Roho high profile cushion,,Roho low profile cushion,image/jpeg,f31af05d4ac7fb5e7f6d54d1cb89a662ee41c96536d79d36e2cb45e0e1e00052,14,2026-08-31
image:bf152c5aa8fb949c,equipment_assistive_technology,04_equipment_assistive_technology,flexequip:product-library-pressure-care-cushion-cushion-roho,Cushion - Roho,FlexEquip,https://flexequip.com.au/product-library/pressure-care/cushion/cushion-roho,https://flexequip.com.au/images/com_eshop/products/resized/cushion-Roho--Quadtro-high-profile-cr-600x600.png,C:\Users\User1\Downloads\MND DATA\images\assets\04_equipment_assistive_technology\FlexEquip\Roho high profile - Quadtro cushion-bf152c5aa8.png,images/assets/04_equipment_assistive_technology/FlexEquip/Roho high profile - Quadtro cushion-bf152c5aa8.png,/mnd-data/images/assets/04_equipment_assistive_technology/FlexEquip/Roho high profile - Quadtro cushion-bf152c5aa8.png,Roho high profile - Quadtro cushion,,Roho high profile cushion,image/png,bf152c5aa8fb949c8006a5fbc4df990b4118063546a2160bbb6833a56d9b93eb,14,2026-08-31
image:0256fc922e547105,equipment_assistive_technology,04_equipment_assistive_technology,flexequip:product-library-pressure-care-cushion-one-off-specialised-cushions-for-flexequip-ndis-bundle-participants-only,One-Off specialised cushions for FlexEquip NDIS Bundle Participants Only,FlexEquip,https://flexequip.com.au/product-library/pressure-care/cushion/one-off-specialised-cushions-for-flexequip-ndis-bundle-participants-only,https://flexequip.com.au/images/com_eshop/products/resized/DEQ10sq-cr-600x600.jpg,C:\Users\User1\Downloads\MND DATA\images\assets\04_equipment_assistive_technology\FlexEquip\Cushion - foam high profile - Spex Classic Standard Contour EQ5632-0256fc922e.jpg,images/assets/04_equipment_assistive_technology/FlexEquip/Cushion - foam high profile - Spex Classic Standard Contour EQ5632-0256fc922e.jpg,/mnd-data/images/assets/04_equipment_assistive_technology/FlexEquip/Cushion - foam high profile - Spex Classic Standard Contour EQ5632-0256fc922e.jpg,Cushion - foam high profile - Spex Classic Standard Contour EQ5632,,Eshop.jQuery(function ($) { $(document).ready(function () { changeLayout('grid'); }); });,image/jpeg,0256fc922e547105d916b4a3225d2e70ded0ac51f7a2a70b2ae927934742389f,14,2026-08-31
image:df4b83da97f0d9ec,equipment_assistive_technology,04_equipment_assistive_technology,flexequip:product-library-pressure-care-cushion-one-off-specialised-cushions-for-flexequip-ndis-bundle-participants-only,One-Off specialised cushions for FlexEquip NDIS Bundle Participants Only,FlexEquip,https://flexequip.com.au/product-library/pressure-care/cushion/one-off-specialised-cushions-for-flexequip-ndis-bundle-participants-only,https://flexequip.com.au/images/com_eshop/products/resized/DEQ16sq%20Copy-cr-600x600.jpg,C:\Users\User1\Downloads\MND DATA\images\assets\04_equipment_assistive_technology\FlexEquip\Cushion - foam + Roho high profile - Permobil Roho Corpus Ergo Air EQ6316-df4b83da97.jpg,images/assets/04_equipment_assistive_technology/FlexEquip/Cushion - foam + Roho high profile - Permobil Roho Corpus Ergo Air EQ6316-df4b83da97.jpg,/mnd-data/images/assets/04_equipment_assistive_technology/FlexEquip/Cushion - foam + Roho high profile - Permobil Roho Corpus Ergo Air EQ6316-df4b83da97.jpg,Cushion - foam + Roho high profile - Permobil Roho Corpus Ergo Air EQ6316,,Cushion - foam high profile - Spex Classic Standard Contour EQ5632,image/jpeg,df4b83da97f0d9ecc2fd03a648e031224c8cf6521289b51cc40101d5ef8e2a6e,14,2026-08-31
image:c48d47db83a97034,equipment_assistive_technology,04_equipment_assistive_technology,flexequip:product-library-pressure-care-cushion-one-off-specialised-cushions-for-flexequip-ndis-bundle-participants-only,One-Off specialised cushions for FlexEquip NDIS Bundle Participants Only,FlexEquip,https://flexequip.com.au/product-library/pressure-care/cushion/one-off-specialised-cushions-for-flexequip-ndis-bundle-participants-only,https://flexequip.com.au/images/com_eshop/products/resized/EQ6457%20spex%20cushion%2040cm%20x%2046cm%20pic%201%20edited-cr-600x600.jpg,C:\Users\User1\Downloads\MND DATA\images\assets\04_equipment_assistive_technology\FlexEquip\Cushion - foam high profile - Spex Classic Standard Contour Cushion - EQ6457-c48d47db83.jpg,images/assets/04_equipment_assistive_technology/FlexEquip/Cushion - foam high profile - Spex Classic Standard Contour Cushion - EQ6457-c48d47db83.jpg,/mnd-data/images/assets/04_equipment_assistive_technology/FlexEquip/Cushion - foam high profile - Spex Classic Standard Contour Cushion - EQ6457-c48d47db83.jpg,Cushion - foam high profile - Spex Classic Standard Contour Cushion - EQ6457,,Cushion - foam + Roho high profile - Permobil Roho Corpus Ergo Air EQ6316,image/jpeg,c48d47db83a97034343524bac7d4328cd9dbe57f4c725dce303f68656f55fda3,14,2026-08-31
image:5e0e4393392c120e,equipment_assistive_technology,04_equipment_assistive_technology,flexequip:product-library-pressure-care-cushion-one-off-specialised-cushions-for-flexequip-ndis-bundle-participants-only,One-Off specialised cushions for FlexEquip NDIS Bundle Participants Only,FlexEquip,https://flexequip.com.au/product-library/pressure-care/cushion/one-off-specialised-cushions-for-flexequip-ndis-bundle-participants-only,https://flexequip.com.au/images/com_eshop/products/resized/EQ6572%20Spex%20classic%20cushion%20pic%201%20edited-cr-600x600.jpg,C:\Users\User1\Downloads\MND DATA\images\assets\04_equipment_assistive_technology\FlexEquip\Cushion - Foam High Profile - Spex Classic High Contour Cushion 36cm x 40cm - EQ6572-5e0e439339.jpg,images/assets/04_equipment_assistive_technology/FlexEquip/Cushion - Foam High Profile - Spex Classic High Contour Cushion 36cm x 40cm - EQ6572-5e0e439339.jpg,/mnd-data/images/assets/04_equipment_assistive_technology/FlexEquip/Cushion - Foam High Profile - Spex Classic High Contour Cushion 36cm x 40cm - EQ6572-5e0e439339.jpg,Cushion - Foam High Profile - Spex Classic High Contour Cushion 36cm x 40cm - EQ6572,,Cushion - foam high profile - Spex Classic Standard Contour Cushion - EQ6457,image/jpeg,5e0e4393392c120e0867c31647873222c0090e6aff04fe413348092bf11b25c5,14,2026-08-31
image:5b69ac6241c82003,equipment_assistive_technology,04_equipment_assistive_technology,flexequip:product-library-pressure-care-mattress,Mattress,FlexEquip,https://flexequip.com.au/product-library/pressure-care/mattress,https://flexequip.com.au/images/com_eshop/categories/resized/Combo-overlays-cr-500x500.jpg,C:\Users\User1\Downloads\MND DATA\images\assets\04_equipment_assistive_technology\FlexEquip\Mattress - overlays-5b69ac6241.jpg,images/assets/04_equipment_assistive_technology/FlexEquip/Mattress - overlays-5b69ac6241.jpg,/mnd-data/images/assets/04_equipment_assistive_technology/FlexEquip/Mattress - overlays-5b69ac6241.jpg,Mattress - overlays,,Mattress - foam medical grade,image/jpeg,5b69ac6241c82003bc9f60a66e96ca82b93fe3a49729b9fb89d44f45ca2c3196,14,2026-08-31
image:db1ac8050777eb81,equipment_assistive_technology,04_equipment_assistive_technology,flexequip:product-library-pressure-care-mattress,Mattress,FlexEquip,https://flexequip.com.au/product-library/pressure-care/mattress,https://flexequip.com.au/images/com_eshop/categories/resized/quattro-plus-matress-system-cr-500x500.jpg,C:\Users\User1\Downloads\MND DATA\images\assets\04_equipment_assistive_technology\FlexEquip\Mattress - replacement systems-db1ac80507.jpg,images/assets/04_equipment_assistive_technology/FlexEquip/Mattress - replacement systems-db1ac80507.jpg,/mnd-data/images/assets/04_equipment_assistive_technology/FlexEquip/Mattress - replacement systems-db1ac80507.jpg,Mattress - replacement systems,,Mattress - overlays,image/jpeg,db1ac8050777eb81266349928cdcc246033b8990a10df91e8399eb60182c52c5,14,2026-08-31
image:eb1b9f54c78a9964,equipment_assistive_technology,04_equipment_assistive_technology,flexequip:product-library-pressure-care-mattress-mattress-overlay,Mattress - overlays,FlexEquip,https://flexequip.com.au/product-library/pressure-care/mattress/mattress-overlay,https://flexequip.com.au/images/com_eshop/products/resized/Mattress%20overlay%20-%20Smik-cr-600x600.JPG,C:\Users\User1\Downloads\MND DATA\images\assets\04_equipment_assistive_technology\FlexEquip\Mattress overlay - alternating air - high profile-eb1b9f54c7.jpg,images/assets/04_equipment_assistive_technology/FlexEquip/Mattress overlay - alternating air - high profile-eb1b9f54c7.jpg,/mnd-data/images/assets/04_equipment_assistive_technology/FlexEquip/Mattress overlay - alternating air - high profile-eb1b9f54c7.jpg,Mattress overlay - alternating air - high profile,,Eshop.jQuery(function ($) { $(document).ready(function () { changeLayout('grid'); }); });,image/jpeg,eb1b9f54c78a99646f8e4e2cd934e043d9a432c0a6b684ea03afd1058716c323,14,2026-08-31
image:f1cb0bd042097a85,equipment_assistive_technology,04_equipment_assistive_technology,flexequip:product-library-pressure-care-mattress-mattress-overlay,Mattress - overlays,FlexEquip,https://flexequip.com.au/product-library/pressure-care/mattress/mattress-overlay,https://flexequip.com.au/images/com_eshop/products/resized/Mattress-RohoSQ-cr-600x600.jpg,C:\Users\User1\Downloads\MND DATA\images\assets\04_equipment_assistive_technology\FlexEquip\Mattress overlay - Roho-f1cb0bd042.jpg,images/assets/04_equipment_assistive_technology/FlexEquip/Mattress overlay - Roho-f1cb0bd042.jpg,/mnd-data/images/assets/04_equipment_assistive_technology/FlexEquip/Mattress overlay - Roho-f1cb0bd042.jpg,Mattress overlay - Roho,,Mattress overlay - alternating air - high profile,image/jpeg,f1cb0bd042097a85384d16d862087aa9a562086534ea1f25e1cbba12c285577c,14,2026-08-31
image:1fe0a6d271438d84,equipment_assistive_technology,04_equipment_assistive_technology,flexequip:product-library-pressure-care-mattress-mattress-overlay,Mattress - overlays,FlexEquip,https://flexequip.com.au/product-library/pressure-care/mattress/mattress-overlay,https://flexequip.com.au/images/com_eshop/products/resized/mattress-Roho-section3-cr-600x600.jpg,C:\Users\User1\Downloads\MND DATA\images\assets\04_equipment_assistive_technology\FlexEquip\Mattress overlay - Roho foot extension section-1fe0a6d271.jpg,images/assets/04_equipment_assistive_technology/FlexEquip/Mattress overlay - Roho foot extension section-1fe0a6d271.jpg,/mnd-data/images/assets/04_equipment_assistive_technology/FlexEquip/Mattress overlay - Roho foot extension section-1fe0a6d271.jpg,Mattress overlay - Roho foot extension section,,Mattress overlay - Roho,image/jpeg,1fe0a6d271438d84b53b0cb0cc550d9a996a78b0ab2b6a4cf92203ea7ba77c1c,14,2026-08-31
image:e7f6cb92492fe582,equipment_assistive_technology,04_equipment_assistive_technology,flexequip:product-library-pressure-care-mattress-mattress-overlay,Mattress - overlays,FlexEquip,https://flexequip.com.au/product-library/pressure-care/mattress/mattress-overlay,https://flexequip.com.au/images/com_eshop/products/resized/image_61e8ecfcdc7dc_Roho%20matt-widthext2-cr-600x600.jpg,C:\Users\User1\Downloads\MND DATA\images\assets\04_equipment_assistive_technology\FlexEquip\Mattress overlay - Roho width extension sections set-e7f6cb9249.jpg,images/assets/04_equipment_assistive_technology/FlexEquip/Mattress overlay - Roho width extension sections set-e7f6cb9249.jpg,/mnd-data/images/assets/04_equipment_assistive_technology/FlexEquip/Mattress overlay - Roho width extension sections set-e7f6cb9249.jpg,Mattress overlay - Roho width extension sections set,,Mattress overlay - Roho foot extension section,image/jpeg,e7f6cb92492fe58232aea1387235c7717d57cf80d16a453664ab4f50aec919c5,14,2026-08-31
image:6929030abce515f4,equipment_assistive_technology,04_equipment_assistive_technology,flexequip:product-library-pressure-care-mattress-mattress-replacement-system,Mattress - replacement systems,FlexEquip,https://flexequip.com.au/product-library/pressure-care/mattress/mattress-replacement-system,https://flexequip.com.au/images/com_eshop/products/resized/image_619f0c1c3b79b_Talley-Quattro-Plus%201-cr-600x600.jpg,C:\Users\User1\Downloads\MND DATA\images\assets\04_equipment_assistive_technology\FlexEquip\Mattress replacement system - alternating air - high profile-6929030abc.jpg,images/assets/04_equipment_assistive_technology/FlexEquip/Mattress replacement system - alternating air - high profile-6929030abc.jpg,/mnd-data/images/assets/04_equipment_assistive_technology/FlexEquip/Mattress replacement system - alternating air - high profile-6929030abc.jpg,Mattress replacement system - alternating air - high profile,,Eshop.jQuery(function ($) { $(document).ready(function () { changeLayout('grid'); }); });,image/jpeg,6929030abce515f47df02890cf95501fde343fa70db51d0db58901af7d24b72d,14,2026-08-31
image:6d0d974234800ac1,equipment_assistive_technology,04_equipment_assistive_technology,flexequip:product-library-pressure-care-mattress-one-off-specialised-mattress-for-flexequip-ndis-bundle-participants-only,One-Off specialised mattress for FlexEquip NDIS Bundle Participants Only,FlexEquip,https://flexequip.com.au/product-library/pressure-care/mattress/one-off-specialised-mattress-for-flexequip-ndis-bundle-participants-only,https://flexequip.com.au/images/com_eshop/products/resized/image_63c5df4cf2951_EQ5514sq-cr-600x600.jpg,C:\Users\User1\Downloads\MND DATA\images\assets\04_equipment_assistive_technology\FlexEquip\Mattress replacement system - hybrid foam air high level CuroCell Area Zone King Single EQ5514-6d0d974234.jpg,images/assets/04_equipment_assistive_technology/FlexEquip/Mattress replacement system - hybrid foam air high level CuroCell Area Zone King Single EQ5514-6d0d974234.jpg,/mnd-data/images/assets/04_equipment_assistive_technology/FlexEquip/Mattress replacement system - hybrid foam air high level CuroCell Area Zone King Single EQ5514-6d0d974234.jpg,Mattress replacement system - hybrid foam/air high level  CuroCell Area Zone King Single EQ5514,,Eshop.jQuery(function ($) { $(document).ready(function () { changeLayout('grid'); }); });,image/jpeg,6d0d974234800ac1132d6dc03517a82b1af745748f3853e251979cd2b05051ae,14,2026-08-31
image:f5ea377004fa7a74,equipment_assistive_technology,04_equipment_assistive_technology,flexequip:product-library-transfer-aids,Transfer aids,FlexEquip,https://flexequip.com.au/product-library/transfer-aids,https://flexequip.com.au/images/com_eshop/categories/resized/Handi%20Bar-cr-500x500.jpg,C:\Users\User1\Downloads\MND DATA\images\assets\04_equipment_assistive_technology\FlexEquip\Handy Bar-f5ea377004.jpg,images/assets/04_equipment_assistive_technology/FlexEquip/Handy Bar-f5ea377004.jpg,/mnd-data/images/assets/04_equipment_assistive_technology/FlexEquip/Handy Bar-f5ea377004.jpg,Handy Bar,,Transfer aids,image/jpeg,f5ea377004fa7a7449b47d968aefafdedac2f8b8fd6ca45183fe19f83ca11163,14,2026-08-31
image:bb25a5804befe6bf,equipment_assistive_technology,04_equipment_assistive_technology,flexequip:product-library-transfer-aids,Transfer aids,FlexEquip,https://flexequip.com.au/product-library/transfer-aids,https://flexequip.com.au/images/com_eshop/categories/resized/TransferBench-sq2-cr-500x500.jpg,C:\Users\User1\Downloads\MND DATA\images\assets\04_equipment_assistive_technology\FlexEquip\Sliding transfer bench-bb25a5804b.jpg,images/assets/04_equipment_assistive_technology/FlexEquip/Sliding transfer bench-bb25a5804b.jpg,/mnd-data/images/assets/04_equipment_assistive_technology/FlexEquip/Sliding transfer bench-bb25a5804b.jpg,Sliding transfer bench,,Slide transfer board,image/jpeg,bb25a5804befe6bf5646086f7009eb384235f44bd64828c37b8ca6fbd959d36c,14,2026-08-31
image:1cd1193fdbf13b67,equipment_assistive_technology,04_equipment_assistive_technology,flexequip:product-library-transfer-aids,Transfer aids,FlexEquip,https://flexequip.com.au/product-library/transfer-aids,https://flexequip.com.au/images/com_eshop/categories/resized/sling-pivot-Allegro-cr-500x500.JPG,C:\Users\User1\Downloads\MND DATA\images\assets\04_equipment_assistive_technology\FlexEquip\Slings-1cd1193fdb.jpg,images/assets/04_equipment_assistive_technology/FlexEquip/Slings-1cd1193fdb.jpg,/mnd-data/images/assets/04_equipment_assistive_technology/FlexEquip/Slings-1cd1193fdb.jpg,Slings,,Sliding transfer bench,image/jpeg,1cd1193fdbf13b676f82099b431f4cd47b43e67c30d2292a9aca55dea6266983,14,2026-08-31
image:ffcb1efd30add714,equipment_assistive_technology,04_equipment_assistive_technology,flexequip:product-library-transfer-aids,Transfer aids,FlexEquip,https://flexequip.com.au/product-library/transfer-aids,https://flexequip.com.au/images/com_eshop/categories/resized/EQ6540%20Sara%20Stedy%20pic%202-cr-500x500.jpg,C:\Users\User1\Downloads\MND DATA\images\assets\04_equipment_assistive_technology\FlexEquip\Standing Lifters-ffcb1efd30.jpg,images/assets/04_equipment_assistive_technology/FlexEquip/Standing Lifters-ffcb1efd30.jpg,/mnd-data/images/assets/04_equipment_assistive_technology/FlexEquip/Standing Lifters-ffcb1efd30.jpg,Standing Lifters,,Slings,image/jpeg,ffcb1efd30add71467cb825cecc066db21061f25b6db8e5e879b579070a53708,14,2026-08-31
image:1cff75392b1652df,equipment_assistive_technology,04_equipment_assistive_technology,flexequip:product-library-transfer-aids-handy-bar,Handy Bar,FlexEquip,https://flexequip.com.au/product-library/transfer-aids/handy-bar,https://flexequip.com.au/images/com_eshop/products/resized/Handi%20Bar-cr-600x600.jpg,C:\Users\User1\Downloads\MND DATA\images\assets\04_equipment_assistive_technology\FlexEquip\Handy Bar-1cff75392b.jpg,images/assets/04_equipment_assistive_technology/FlexEquip/Handy Bar-1cff75392b.jpg,/mnd-data/images/assets/04_equipment_assistive_technology/FlexEquip/Handy Bar-1cff75392b.jpg,Handy Bar,,Eshop.jQuery(function ($) { $(document).ready(function () { changeLayout('grid'); }); });,image/jpeg,1cff75392b1652dfaf0e63f3a9c2058a9faf47be2dfe9160372d081364ca198e,14,2026-08-31
image:c3e548988a7b6ad9,equipment_assistive_technology,04_equipment_assistive_technology,flexequip:product-library-transfer-aids-one-off-specialised-transfer-aid-for-flexequip-ndis-bundle-participants-only,One-Off specialised transfer aid for FlexEquip NDIS Bundle Participants Only,FlexEquip,https://flexequip.com.au/product-library/transfer-aids/one-off-specialised-transfer-aid-for-flexequip-ndis-bundle-participants-only,https://flexequip.com.au/images/com_eshop/products/resized/EQ6260%20Stealth%20gel%20footplate%20covers%20edited-cr-600x600.jpg,C:\Users\User1\Downloads\MND DATA\images\assets\04_equipment_assistive_technology\FlexEquip\Stealth Gel Footplate Covers - EQ6260-c3e548988a.jpg,images/assets/04_equipment_assistive_technology/FlexEquip/Stealth Gel Footplate Covers - EQ6260-c3e548988a.jpg,/mnd-data/images/assets/04_equipment_assistive_technology/FlexEquip/Stealth Gel Footplate Covers - EQ6260-c3e548988a.jpg,Stealth Gel Footplate Covers - EQ6260,,Eshop.jQuery(function ($) { $(document).ready(function () { changeLayout('grid'); }); });,image/jpeg,c3e548988a7b6ad95fc8d807be5e25ba125a6ec41f521cafa7853d8e256846ac,14,2026-08-31
image:d08130ae31a8a302,equipment_assistive_technology,04_equipment_assistive_technology,flexequip:product-library-transfer-aids-slide-transfer-board,Slide transfer board,FlexEquip,https://flexequip.com.au/product-library/transfer-aids/slide-transfer-board,https://flexequip.com.au/images/com_eshop/products/resized/transfer-board-curved-plastic%202-cr-600x600.jpg,C:\Users\User1\Downloads\MND DATA\images\assets\04_equipment_assistive_technology\FlexEquip\Slide transfer board-d08130ae31.jpg,images/assets/04_equipment_assistive_technology/FlexEquip/Slide transfer board-d08130ae31.jpg,/mnd-data/images/assets/04_equipment_assistive_technology/FlexEquip/Slide transfer board-d08130ae31.jpg,Slide transfer board,,Eshop.jQuery(function ($) { $(document).ready(function () { changeLayout('grid'); }); });,image/jpeg,d08130ae31a8a302ab114ed8a482718175dc3d03cdd5d27db6a9ea313d1069c2,14,2026-08-31
image:9fce0e1c19df181b,equipment_assistive_technology,04_equipment_assistive_technology,flexequip:product-library-transfer-aids-standing-lifters,Standing Lifters,FlexEquip,https://flexequip.com.au/product-library/transfer-aids/standing-lifters,https://flexequip.com.au/images/com_eshop/products/resized/EQ6540%20Sara%20Stedy%20pic%202%20Copy-cr-600x600.jpg,C:\Users\User1\Downloads\MND DATA\images\assets\04_equipment_assistive_technology\FlexEquip\Arjo Sara Stedy Standing Lifter-9fce0e1c19.jpg,images/assets/04_equipment_assistive_technology/FlexEquip/Arjo Sara Stedy Standing Lifter-9fce0e1c19.jpg,/mnd-data/images/assets/04_equipment_assistive_technology/FlexEquip/Arjo Sara Stedy Standing Lifter-9fce0e1c19.jpg,Arjo Sara Stedy Standing Lifter,,Eshop.jQuery(function ($) { $(document).ready(function () { changeLayout('grid'); }); });,image/jpeg,9fce0e1c19df181b02af964de422ea6cd8eb9ba3b0563068222cc6bae0fea48a,14,2026-08-31
image:629256774b02765e,food_nutrition,05_food_nutrition,mnd-australia:gastrostomy,Considering a feeding tube (PEG),MND Australia,https://www.mndaustralia.org.au/mnd-connect/information-resources/considering-gastrostomy-peg-rig,https://www.mndaustralia.org.au/getmedia/15a286aa-39fe-45a3-8d8e-0204bce4b3b3/PEG-feeding-tube-%281%29.png,C:\Users\User1\Downloads\MND DATA\images\assets\05_food_nutrition\MND Australia\Considering a feeding tube (PEG)-629256774b.png,images/assets/05_food_nutrition/MND Australia/Considering a feeding tube (PEG)-629256774b.png,/mnd-data/images/assets/05_food_nutrition/MND Australia/Considering a feeding tube (PEG)-629256774b.png,,,Find out more,image/png,629256774b02765e0ea0e0f956c52103473a3f4dd8affe718cad574aac911969,12,2026-08-31
image:66ac3e2ef9395448,food_nutrition,05_food_nutrition,mnd-australia:gastrostomy,Considering a feeding tube (PEG),MND Australia,https://www.mndaustralia.org.au/mnd-connect/information-resources/considering-gastrostomy-peg-rig,https://www.mndaustralia.org.au/getmedia/0da838a3-59f3-4ecd-bbc2-075876880d10/Button-on-PEG.jpg,C:\Users\User1\Downloads\MND DATA\images\assets\05_food_nutrition\MND Australia\Considering a feeding tube (PEG)-66ac3e2ef9.jpg,images/assets/05_food_nutrition/MND Australia/Considering a feeding tube (PEG)-66ac3e2ef9.jpg,/mnd-data/images/assets/05_food_nutrition/MND Australia/Considering a feeding tube (PEG)-66ac3e2ef9.jpg,,,"Once the opening on your stomach has healed, you may be able to change to a low-profile tube (button).",image/jpeg,66ac3e2ef93954487df3caa2d8573cc22d591eb40fbabc61793089d136b47e18,12,2026-08-31
image:42c040d83b393147,communication,08_communication,speech-pathology-australia:aac-supports,Communication aids and supports,Speech Pathology Australia,https://www.speechpathologyaustralia.org.au/Communication_Hub/Supporting-communication/Communication_aids_and_supports.aspx,https://www.speechpathologyaustralia.org.au/images/CommunicationHub/Improving-Communication/voice%20output%20devices%20various.png?version=F1EB4605,C:\Users\User1\Downloads\MND DATA\images\assets\08_communication\Speech Pathology Australia\Communication aids and supports-42c040d83b.png,images/assets/08_communication/Speech Pathology Australia/Communication aids and supports-42c040d83b.png,/mnd-data/images/assets/08_communication/Speech Pathology Australia/Communication aids and supports-42c040d83b.png,,,Computer/phone/tablet with communication apps,image/png,42c040d83b39314745f89078c64f941448256fa255ac07d9e97eeee6c0dd5cac,19,2026-08-31
image:715638805c8271d0,communication,08_communication,speech-pathology-australia:aac-supports,Communication aids and supports,Speech Pathology Australia,https://www.speechpathologyaustralia.org.au/Communication_Hub/Supporting-communication/Communication_aids_and_supports.aspx,https://www.speechpathologyaustralia.org.au/images/CommunicationHub/webp/Dale20with20his20speech20generating20device.webp?version=C986BB48,C:\Users\User1\Downloads\MND DATA\images\assets\08_communication\Speech Pathology Australia\Communication aids and supports-715638805c.webp,images/assets/08_communication/Speech Pathology Australia/Communication aids and supports-715638805c.webp,/mnd-data/images/assets/08_communication/Speech Pathology Australia/Communication aids and supports-715638805c.webp,,,"communication. Extra gestures, images, or symbols can help to make the meaning clearer.",application/octet-stream,715638805c8271d06f4a2f31eae028a0f646e973420db0a785781b3ef260a137,14,2026-08-31
image:19a72c5d334e4b70,communication,08_communication,speech-pathology-australia:aac-supports,Communication aids and supports,Speech Pathology Australia,https://www.speechpathologyaustralia.org.au/Communication_Hub/Supporting-communication/Communication_aids_and_supports.aspx,https://www.speechpathologyaustralia.org.au/images/CommunicationHub/webp/Lisa20Lieman_21.webp?version=E1B699D,C:\Users\User1\Downloads\MND DATA\images\assets\08_communication\Speech Pathology Australia\Communication aids and supports-19a72c5d33.webp,images/assets/08_communication/Speech Pathology Australia/Communication aids and supports-19a72c5d33.webp,/mnd-data/images/assets/08_communication/Speech Pathology Australia/Communication aids and supports-19a72c5d33.webp,,,Speech generating devices,application/octet-stream,19a72c5d334e4b700155e1b5cc0d1dd4a79da8cddd47223c6f32c5c80576df73,14,2026-08-31
image:cb63d65827ee13af,communication,08_communication,speech-pathology-australia:aac-supports,Communication aids and supports,Speech Pathology Australia,https://www.speechpathologyaustralia.org.au/Communication_Hub/Supporting-communication/Communication_aids_and_supports.aspx,https://www.speechpathologyaustralia.org.au/images/CommunicationHub/webp/Real20Voices_Lisa_01_circle_small.webp?version=7C98B57B,C:\Users\User1\Downloads\MND DATA\images\assets\08_communication\Speech Pathology Australia\Communication aids and supports-cb63d65827.webp,images/assets/08_communication/Speech Pathology Australia/Communication aids and supports-cb63d65827.webp,/mnd-data/images/assets/08_communication/Speech Pathology Australia/Communication aids and supports-cb63d65827.webp,,,Communication advocate and AAC user,application/octet-stream,cb63d65827ee13af8da3e6e59c96ced66749ea36c4b005b74387ea6fda60bf32,14,2026-08-31
image:5414a40d12d278f9,mental_health_cognition,11_mental_health_cognition,dementia-australia:frontotemporal-dementia,Frontotemporal dementia | Dementia Australia,Dementia Australia,https://www.dementia.org.au/about-dementia/frontotemporal-dementia,https://www.dementia.org.au/_next/image?url=https://cms.dementia.org.au/sites/default/files/styles/card/public/2024-02/LIQ4%20-%20Support%20for%20Carers.png?h=2c365730&itok=ZUaQO65p&w=3840&q=75,C:\Users\User1\Downloads\MND DATA\images\assets\11_mental_health_cognition\Dementia Australia\A drawing of two people holding hands and talking to each other-5414a40d12.webp,images/assets/11_mental_health_cognition/Dementia Australia/A drawing of two people holding hands and talking to each other-5414a40d12.webp,/mnd-data/images/assets/11_mental_health_cognition/Dementia Australia/A drawing of two people holding hands and talking to each other-5414a40d12.webp,A drawing of two people holding hands and talking to each other.,,More for you,image/webp,5414a40d12d278f9f3d36f72f4fda75b802b2c8fd4b37ea4418cbb4f3c0254ab,11,2026-08-31
image:a36b6138142fd482,mental_health_cognition,11_mental_health_cognition,dementia-australia:frontotemporal-dementia,Frontotemporal dementia | Dementia Australia,Dementia Australia,https://www.dementia.org.au/about-dementia/frontotemporal-dementia,https://www.dementia.org.au/_next/image?url=https://www.dementia.org.au/sites/default/files/oembed_thumbnails/2023-11/_cMx4bo0rnJWPPV5W_W2cbuISUXQj-KTWFFrTLP9NyE.jpg&w=640&q=75,C:\Users\User1\Downloads\MND DATA\images\assets\11_mental_health_cognition\Dementia Australia\Watch 4m 56s What is frontotemporal dementia Transcript Transcript [Beginning of recorded material] [Title Card Frontotemporal dementia – Li-a36b613814.webp,images/assets/11_mental_health_cognition/Dementia Australia/Watch 4m 56s What is frontotemporal dementia Transcript Transcript [Beginning of recorded material] [Title Card Frontotemporal dementia – Li-a36b613814.webp,/mnd-data/images/assets/11_mental_health_cognition/Dementia Australia/Watch 4m 56s What is frontotemporal dementia Transcript Transcript [Beginning of recorded material] [Title Card Frontotemporal dementia – Li-a36b613814.webp,,"Watch 4m 56s What is frontotemporal dementia? Transcript Transcript [Beginning of recorded material] [Title Card: Frontotemporal dementia – Living with dementia series] [Text: Associate Professor Dr Michael Woodward. Dementia Australia Honorary Medical Advisor] Dr Woodward: Frontotemporal dementia is a less common form of dementia and is most likely to occur in people aged between 45 and 65. Dementia that occurs before the age of 65 is referred to as younger onset dementia. Frontotemporal dementia was previously called Picks disease. It is now best understood as a spectrum disorder. It causes progressive damage to the front and temporal lobes of the brain, affecting a person’s mood, behaviour, and language. It occurs when there is an accumulation of abnormal proteins in brain cells, causing these cells to die. Studies have identified three types of protein, Tau, TDP-43, and more recently, FUS or fused in sarcoma protein. The cause of this accumulation of protein is unknown. There can sometimes be a strong family link, but most often, this is not the case. Whilst about 20 to 30% of people with a diagnosis have a family history of dementia, only 10 to 15% of those will have a genetic mutation as the cause. [Title card: Types of frontotemporal dementia] Dr Woodward: There are three major subtypes of frontotemporal dementia. Each person will experience different initial symptoms depending on the part of the brain involved, and the progression of the disorder. Behavioural variant frontotemporal dementia is the most common form, and is characterised by changes in behaviour and personality. There may be difficulties in retrieving memories and a loss of emotional response. [Text: Michael and Margaret – Michael is living with frontotemporal dementia] Margaret: Going back about three years, Michael lost his brother, and he was going through a rough time, which to me, not being a medical person, but I identified a bit of depression. Michael: I had been seeing my own doctor anyway, and we had talked about depression. We had talked about a number of other things at the time. How it was affecting me in my work life, how it was influencing what I was doing, and now I was bringing it up to him, I said, “Look, it’s affecting home too.” Margaret: Part of Michael’s diagnosis is the behaviour variant. So, I am now, I feel like I now have tools, or are able to dismiss some of the behavioural changes that I come across day to day. Dr Woodward: People with semantic dementia have language and knowledge difficulties such as finding the right words. Progressive, non-fluent aphasia is the least common form of frontotemporal dementia. In many cases, a person may not be able to produce words or speak fluently. [Text: Nat and Cam – Cam is living with frontotemporal dementia] Nat: They noticed changes in Cam at work. Cam: The bosses. Nat: Some customers also noticed changes. Cam: The bosses noticed the changes. Nat: The bosses noticed he wasn’t singing. Cam’s always happy-go-lucky and pretty cruisy, and noticed that he wasn’t singing, and just little things like that. It is hard. It is hard to see somebody that you love and chose to spend your life with kind of changing, and not being the same person that- Cam: And it is going to change for the rest of our life. For the rest of our lives. Nat: That is right. Not being the same person that he was that I met 18 years ago. He is, but he isn’t. Cam: At the moment, it is fantastic because there are a lot of volunteers, and friends, and everyone is trying to help me. Nat: We are lucky. We have a lot of support. Cam: I’m not sure if it is because I am 41 and what I have got. It’s stupid what I’ve got, but hey, we just have to live with it. [Title card: Key points] Voiceover: Frontotemporal dementia is more common in younger people. There can be a family history but in most cases there is not. It may impact on: personality, emotions, and behaviour, language and knowledge, word production and fluency. [Title card: With special thanks to Associate Professor Dr Michael Woodward.] [Title card: Dementia Australia] [Title card: National Dementia Helpline 1800 100 500. For language assistance call 131 450] [Title card: Visit dementia.org.au] [END of recorded material]",Key points,image/webp,a36b6138142fd482a67aa36f5640da201743481fdc11090d15d7656f32468a2d,10,2026-08-31
image:fc33ee357058bf41,carer_support,12_carer_support,wa-gov:carers-grandcarers,Carers and Grandcarers,WA Government,https://www.wa.gov.au/organisation/department-of-communities/carers-and-grandcarers,https://www.wa.gov.au/system/files/styles/crop_feature_large/private/2022-09/iStock-508447487.jpg?h=c607fa02&itok=TKy7oLAC,"C:\Users\User1\Downloads\MND DATA\images\assets\12_carer_support\WA Government\A young woman pushing an older woman in a wheelchair. They are in a park, enjoying the sunshine-fc33ee3570.jpg","images/assets/12_carer_support/WA Government/A young woman pushing an older woman in a wheelchair. They are in a park, enjoying the sunshine-fc33ee3570.jpg","/mnd-data/images/assets/12_carer_support/WA Government/A young woman pushing an older woman in a wheelchair. They are in a park, enjoying the sunshine-fc33ee3570.jpg","A young woman pushing an older woman in a wheelchair. They are in a park, enjoying the sunshine.",,Further information and support can be accessed below.,image/jpeg,fc33ee357058bf4151ffbc62669bb9c8f371fb198f8bb5864f0fa9392aa82f6f,20,2026-08-31
image:ca3ccdde5a5e9f2a,carer_support,12_carer_support,my-aged-care:carers,For carers | My Aged Care,My Aged Care,https://www.myagedcare.gov.au/carers,https://www.myagedcare.gov.au/_next/image?url=http://nginx:8080/sites/default/files/styles/mac_image_content_block_fw_3_2/public/2025-09/older-men-having-cup-tea-outdoors.jpg?h=06ac0d8c&itok=P-DPEGMs&w=3840&q=75,C:\Users\User1\Downloads\MND DATA\images\assets\12_carer_support\My Aged Care\Two older men chatting and drinking tea outdoors-ca3ccdde5a.webp,images/assets/12_carer_support/My Aged Care/Two older men chatting and drinking tea outdoors-ca3ccdde5a.webp,/mnd-data/images/assets/12_carer_support/My Aged Care/Two older men chatting and drinking tea outdoors-ca3ccdde5a.webp,Two older men chatting and drinking tea outdoors,,to find out if you are eligible to access services offered Carer Gateway service providers across Australia.,image/webp,ca3ccdde5a5e9f2a353761f1b16adbfa17a2bd5251c1fed5a4b59ef84f9e45dc,15,2026-08-31
image:8f68ed55bec1e9d4,carer_support,12_carer_support,my-aged-care:carers,For carers | My Aged Care,My Aged Care,https://www.myagedcare.gov.au/carers,https://www.myagedcare.gov.au/_next/image?url=http://nginx:8080/sites/default/files/styles/mac_image_content_block_fw_3_2/public/2025-09/older-men-having-cup-tea-outdoors.jpg?h=06ac0d8c&itok=P-DPEGMs&w=256&q=75,C:\Users\User1\Downloads\MND DATA\images\assets\12_carer_support\My Aged Care\Two older men chatting and drinking tea outdoors-8f68ed55be.webp,images/assets/12_carer_support/My Aged Care/Two older men chatting and drinking tea outdoors-8f68ed55be.webp,/mnd-data/images/assets/12_carer_support/My Aged Care/Two older men chatting and drinking tea outdoors-8f68ed55be.webp,Two older men chatting and drinking tea outdoors,,to find out if you are eligible to access services offered Carer Gateway service providers across Australia.,image/webp,8f68ed55bec1e9d47c9950ffd90c01d86af98bb1ce8443acfc46e8f9278aed99,15,2026-08-31
image:6d99ab82add9ec6b,carer_support,12_carer_support,my-aged-care:carers,For carers | My Aged Care,My Aged Care,https://www.myagedcare.gov.au/carers,https://www.myagedcare.gov.au/_next/image?url=http://nginx:8080/sites/default/files/styles/mac_image_content_block_fw_3_2/public/2025-09/older-men-having-cup-tea-outdoors.jpg?h=06ac0d8c&itok=P-DPEGMs&w=384&q=75,C:\Users\User1\Downloads\MND DATA\images\assets\12_carer_support\My Aged Care\Two older men chatting and drinking tea outdoors-6d99ab82ad.webp,images/assets/12_carer_support/My Aged Care/Two older men chatting and drinking tea outdoors-6d99ab82ad.webp,/mnd-data/images/assets/12_carer_support/My Aged Care/Two older men chatting and drinking tea outdoors-6d99ab82ad.webp,Two older men chatting and drinking tea outdoors,,to find out if you are eligible to access services offered Carer Gateway service providers across Australia.,image/webp,6d99ab82add9ec6b2cfa45f4751aefa7da5fd676bec7b52fdc4287a7472436bd,15,2026-08-31
image:4cc026509cefadf9,carer_support,12_carer_support,wa-gov:carers-grandcarers,Carers and Grandcarers,WA Government,https://www.wa.gov.au/organisation/department-of-communities/carers-and-grandcarers,https://www.wa.gov.au/system/files/styles/crop_feature_large/private/2026-03/carer_strategy_pic.jpg?h=a1ce0ca3&itok=IFwy39DA,"C:\Users\User1\Downloads\MND DATA\images\assets\12_carer_support\WA Government\A young teenage girl smiling, carrying a young happy child on her back-4cc026509c.jpg","images/assets/12_carer_support/WA Government/A young teenage girl smiling, carrying a young happy child on her back-4cc026509c.jpg","/mnd-data/images/assets/12_carer_support/WA Government/A young teenage girl smiling, carrying a young happy child on her back-4cc026509c.jpg","A young teenage girl smiling, carrying a young happy child on her back",,Legislation to support Western Australian carers,image/jpeg,4cc026509cefadf91dc3612927d4dc4bc2602e60c340996703894ea253249b4f,14,2026-08-31
image:1791e4eba0018c5b,carer_support,12_carer_support,wa-gov:carers-grandcarers,Carers and Grandcarers,WA Government,https://www.wa.gov.au/organisation/department-of-communities/carers-and-grandcarers,https://www.wa.gov.au/system/files/styles/crop_feature_large/private/2022-09/iStock-494024630.jpg?itok=VV78v9tP,"C:\Users\User1\Downloads\MND DATA\images\assets\12_carer_support\WA Government\A hand on a desk in an office, holding a pen over some paperwork-1791e4eba0.jpg","images/assets/12_carer_support/WA Government/A hand on a desk in an office, holding a pen over some paperwork-1791e4eba0.jpg","/mnd-data/images/assets/12_carer_support/WA Government/A hand on a desk in an office, holding a pen over some paperwork-1791e4eba0.jpg","A hand on a desk in an office, holding a pen over some paperwork.",,Resources and organisations that provide support for carers.,image/jpeg,1791e4eba0018c5bc21a85f647c50a7b7efa3aa3a702cdca79e44e3ea9e4748a,14,2026-08-31
image:85e704ded9dd3416,carer_support,12_carer_support,carers-australia:home,Home - Carers Australia,Carers Australia,https://www.carersaustralia.com.au,https://www.carersaustralia.com.au/wp-content/uploads/2026/05/CNSW_VerticalNoAus-10-scaled.png,C:\Users\User1\Downloads\MND DATA\images\assets\12_carer_support\Carers Australia\Carers NSW-85e704ded9.png,images/assets/12_carer_support/Carers Australia/Carers NSW-85e704ded9.png,/mnd-data/images/assets/12_carer_support/Carers Australia/Carers NSW-85e704ded9.png,Carers NSW,,Our Members,image/png,85e704ded9dd3416ef444ba7290544fbada26094a9519f07b55ae23c683949ae,12,2026-08-31
image:24bfb883195b1b38,carer_support,12_carer_support,carers-australia:home,Home - Carers Australia,Carers Australia,https://www.carersaustralia.com.au,https://www.carersaustralia.com.au/wp-content/uploads/2026/08/CACT_Full_RGB-scaled.png,C:\Users\User1\Downloads\MND DATA\images\assets\12_carer_support\Carers Australia\Carers ACT-24bfb88319.png,images/assets/12_carer_support/Carers Australia/Carers ACT-24bfb88319.png,/mnd-data/images/assets/12_carer_support/Carers Australia/Carers ACT-24bfb88319.png,Carers ACT,,Our Members,image/png,24bfb883195b1b388799517686ac9853eb5f8362cb45fbd5dc3e3529e3f07f00,12,2026-08-31
image:c593fbe48e614239,carer_support,12_carer_support,carers-australia:home,Home - Carers Australia,Carers Australia,https://www.carersaustralia.com.au,https://www.carersaustralia.com.au/wp-content/uploads/2020/09/Carers_WA_Secondary_RGB.png,C:\Users\User1\Downloads\MND DATA\images\assets\12_carer_support\Carers Australia\Carers WA-c593fbe48e.png,images/assets/12_carer_support/Carers Australia/Carers WA-c593fbe48e.png,/mnd-data/images/assets/12_carer_support/Carers Australia/Carers WA-c593fbe48e.png,Carers WA,,Our Members,image/png,c593fbe48e61423984fdf1ccc9eeaef7ec49a6d438fafdbf6339d64fa0156cd5,12,2026-08-31
image:9a78ad72d71e80b0,carer_support,12_carer_support,wa-gov:carers-grandcarers,Carers and Grandcarers,WA Government,https://www.wa.gov.au/organisation/department-of-communities/carers-and-grandcarers,https://www.wa.gov.au/system/files/styles/crop_feature_large/private/2022-09/iStock-544974982.jpg?h=d4c0c5aa&itok=mb6M-BlU,C:\Users\User1\Downloads\MND DATA\images\assets\12_carer_support\WA Government\A portrait of an older man and woman-9a78ad72d7.jpg,images/assets/12_carer_support/WA Government/A portrait of an older man and woman-9a78ad72d7.jpg,/mnd-data/images/assets/12_carer_support/WA Government/A portrait of an older man and woman-9a78ad72d7.jpg,A portrait of an older man and woman.,,Information to help people identify as carers.,image/jpeg,9a78ad72d71e80b0daaa73d105d554d800abb8ad44fbf9dc6ade9eed8d1e7b5d,12,2026-08-31
image:e9b3464f218a38f3,carer_support,12_carer_support,wa-gov:carers-grandcarers,Carers and Grandcarers,WA Government,https://www.wa.gov.au/organisation/department-of-communities/carers-and-grandcarers,https://www.wa.gov.au/system/files/styles/crop_feature_large/private/2022-09/Aboriginal%20mother%20and%20father%20stock%20photo.jpg?itok=K7oJqf46,"C:\Users\User1\Downloads\MND DATA\images\assets\12_carer_support\WA Government\A happy couple standing together outside, smiling-e9b3464f21.jpg","images/assets/12_carer_support/WA Government/A happy couple standing together outside, smiling-e9b3464f21.jpg","/mnd-data/images/assets/12_carer_support/WA Government/A happy couple standing together outside, smiling-e9b3464f21.jpg","A happy couple standing together outside, smiling.",,Information on the current WA Carers Strategy and the new WA Carers Strategy currently being developed.,image/jpeg,e9b3464f218a38f3ec320c35c464329b44dae6ffbee494edefa15490add82e94,12,2026-08-31
image:270d0776190b54f9,carer_support,12_carer_support,wa-gov:carers-grandcarers,Carers and Grandcarers,WA Government,https://www.wa.gov.au/organisation/department-of-communities/carers-and-grandcarers,https://www.wa.gov.au/system/files/styles/crop_feature_large/private/2023-06/carers-obligations-for-service-providers-image.jpg?itok=cU445w8w,C:\Users\User1\Downloads\MND DATA\images\assets\12_carer_support\WA Government\image of two people holding each others hands-270d077619.jpg,images/assets/12_carer_support/WA Government/image of two people holding each others hands-270d077619.jpg,/mnd-data/images/assets/12_carer_support/WA Government/image of two people holding each others hands-270d077619.jpg,image of two people holding each others hands,,Providing advice to the Minister for Community Services about issues affecting carers.,image/jpeg,270d0776190b54f9298d2e5ce10fc654da81c15f3e5d144ab6291b2143e70a5c,12,2026-08-31
image:98358d6c407a24dc,carer_support,12_carer_support,wa-gov:carers-grandcarers,Carers and Grandcarers,WA Government,https://www.wa.gov.au/organisation/department-of-communities/carers-and-grandcarers,https://www.wa.gov.au/system/files/styles/crop_feature_large/private/2022-09/iStock-961599430.jpg?itok=1wLmjwjV,"C:\Users\User1\Downloads\MND DATA\images\assets\12_carer_support\WA Government\A grandmother holding her small grandchild. They are sitting on a couch, playing-98358d6c40.jpg","images/assets/12_carer_support/WA Government/A grandmother holding her small grandchild. They are sitting on a couch, playing-98358d6c40.jpg","/mnd-data/images/assets/12_carer_support/WA Government/A grandmother holding her small grandchild. They are sitting on a couch, playing-98358d6c40.jpg","A grandmother holding her small grandchild. They are sitting on a couch, playing.",,Requirements under the Carers Recognition Act 2004,image/jpeg,98358d6c407a24dcc0f314bccf87e3183a6173507dc53146867ccc71d35c60c9,12,2026-08-31
image:38ee3121c5a09b81,carer_support,12_carer_support,healthdirect:caring-for-others,Caring for others | healthdirect,Healthdirect Australia,https://www.healthdirect.gov.au/caring-for-others,https://media.healthdirect.org.au/images/theme_promo/w760h217/respite-care-bf6ac5.jpg,C:\Users\User1\Downloads\MND DATA\images\assets\12_carer_support\Healthdirect Australia\Caring for others healthdirect-38ee3121c5.jpg,images/assets/12_carer_support/Healthdirect Australia/Caring for others healthdirect-38ee3121c5.jpg,/mnd-data/images/assets/12_carer_support/Healthdirect Australia/Caring for others healthdirect-38ee3121c5.jpg,,,about Residential aged care.,image/jpeg,38ee3121c5a09b81e5067e49e2eaec679dfbf72c78e128c40680068e78af9b03,11,2026-08-31
image:b72998e7be3a9754,carer_support,12_carer_support,healthdirect:caring-for-others,Caring for others | healthdirect,Healthdirect Australia,https://www.healthdirect.gov.au/caring-for-others,https://media.healthdirect.org.au/images/theme_promo/w760h217/caring-for-someone-with-a-mental-illness-8dfddb.jpg,C:\Users\User1\Downloads\MND DATA\images\assets\12_carer_support\Healthdirect Australia\Caring for others healthdirect-b72998e7be.jpg,images/assets/12_carer_support/Healthdirect Australia/Caring for others healthdirect-b72998e7be.jpg,/mnd-data/images/assets/12_carer_support/Healthdirect Australia/Caring for others healthdirect-b72998e7be.jpg,,,about Supporting carers of people with dementia.,image/jpeg,b72998e7be3a97547aa547a926138efa5b214aaae98a853fe68a48ea3806c906,11,2026-08-31
image:8886e8a1c7a68fe7,palliative_care_advance_planning,13_palliative_care_advance_planning,australian-government-department-of-health-disability-and-ageing:topics-palliative-care-palliative-care-resources,"Palliative care resources | Australian Government Department of Health, Disability and Ageing","Australian Government Department of Health, Disability and Ageing",https://www.health.gov.au/topics/palliative-care/palliative-care-resources,https://www.health.gov.au/sites/default/files/2025-05/palliative-care-consumer-flyer.png,"C:\Users\User1\Downloads\MND DATA\images\assets\13_palliative_care_advance_planning\Australian Government Department of Health, Disability and Ageing\Thumbnail image of flyer-8886e8a1c7.png","images/assets/13_palliative_care_advance_planning/Australian Government Department of Health, Disability and Ageing/Thumbnail image of flyer-8886e8a1c7.png","/mnd-data/images/assets/13_palliative_care_advance_planning/Australian Government Department of Health, Disability and Ageing/Thumbnail image of flyer-8886e8a1c7.png",Thumbnail image of flyer,,Guideline,image/png,8886e8a1c7a68fe7705b5e4322fc6136ac4d788ddfc2df93f69798a7839969bc,11,2026-08-31
image:9cbdc413d5d00e12,palliative_care_advance_planning,13_palliative_care_advance_planning,palliative-care-australia:advance-care-planning,Advance Care Planning and Conversations - Palliative Care Australia,Palliative Care Australia,https://palliativecare.org.au/resource/advance-care-planning,https://palliativecare.org.au/wp-content/uploads/2024/11/iStock-1323998661-300x200.jpg,C:\Users\User1\Downloads\MND DATA\images\assets\13_palliative_care_advance_planning\Palliative Care Australia\Advance Care Planning and Conversations - Palliative Care Australia-9cbdc413d5.jpg,images/assets/13_palliative_care_advance_planning/Palliative Care Australia/Advance Care Planning and Conversations - Palliative Care Australia-9cbdc413d5.jpg,/mnd-data/images/assets/13_palliative_care_advance_planning/Palliative Care Australia/Advance Care Planning and Conversations - Palliative Care Australia-9cbdc413d5.jpg,,,Benefits of advance care planning,image/jpeg,9cbdc413d5d00e12e629c23e36d92d686b89e3640cc8dd71f4af6d4151a3a084,11,2026-08-31
