source_id,name,category,supplier,state,image_url,product_url,description,eligibility,funding_notes,retrieved_at
equipment:flexequip-general,MND assistive equipment,equipment_service,FlexEquip,Australia,,https://www.flexequip.com.au/,"Equipment service relevant to MND needs such as mobility, bathroom, transfer, pressure care and communication equipment.",Check FlexEquip and state MND association criteria.,"May intersect with MND association support, NDIS, aged care or state equipment pathways.",2026-08-29
equipment:flexequip-nsw-act,FlexEquip assistive technology access,assistive_technology,FlexEquip,NSW/ACT,,https://www.flexequip.mndnsw.asn.au/getting-assistive-technology/5-who-can-get-assistive-technology,Assistive technology access for eligible adults with MND in NSW or ACT and eligible NDIS participants.,"Adults in NSW or ACT diagnosed with MND who need assistive technology, or eligible NDIS participants over 18 with AT funding.",Longer-term funding through funding bodies such as EnableNSW should be used where possible.,2026-08-29
equipment:mnd-victoria-equipment-request,MND Victoria equipment requests,assistive_technology,MND Victoria,VIC,,https://www.mnd.org.au/page/85/information-resources,Equipment request process for allied health professionals seeking MND Victoria equipment.,Request must be submitted by an appropriate allied health professional.,MND Victoria is an NDIS registered assistive technology provider.,2026-08-29
equipment:mnd-australia-at-home-mods,Assistive technology and home modifications for MND,mnd_equipment_guidance,MND Australia,National,,https://www.mndaustralia.org.au/mnd-connect/living-with-mnd/equipment-assistive-technology-home-modifications,"MND-specific guidance on wheelchairs, hoists, walking aids, ramps, electric beds, armchairs, pressure care mattresses, over-toilet aids, communication technology and home modifications.",People living with MND and their carers should seek assessment from allied health professionals and local MND associations.,"May involve local MND associations, NDIS, My Aged Care, home care packages, palliative care services, or state schemes.",2026-08-29
equipment:mnd-australia-respiratory,Respiratory equipment and NIV guidance,respiratory_equipment,MND Australia,National,,https://www.mndaustralia.org.au/mnd-connect/living-with-mnd/breathing-and-mnd,"Information about non-invasive ventilation, BiPAP/VPAP machines, masks, cough assistance, suction and respiratory planning for MND.",Respiratory equipment should be assessed and prescribed through the respiratory physician and MND care team.,"Funding and supply may involve health services, NDIS, MND associations, aged care or palliative services depending on age and circumstances.",2026-08-29
equipment:flexequip:one-off-specialised-armchairs-for-flexequip-ndis-bundle-participants-only,One-Off specialised armchairs for FlexEquip NDIS Bundle Participants Only,armchairs,FlexEquip,NSW/ACT,,https://flexequip.com.au/product-library/armchairs/one-off-specialised-armchairs-for-flexequip-ndis-bundle-participants-only,One-Off specialised armchairs for FlexEquip NDIS Bundle Participants Only - Home - Getting Assistive Technology - Product Library - Referral - News - About Us - Contact / Privacy 0 items - Armchairs - One-Off specialised armchairs for FlexEquip NDIS Bundle Participants Only # One-Off specialised armchairs for FlexEquip NDIS Bundle Participants Only ### ResMed homecare stand - EQ6981 ### Electric wheelchair basic - rear wheel drive Whill Model C - EQ6984 ### Shower commode - Self Propelled – Shower Buddy - EQ7449 ### Assistive Technology - Electric raiser recliner,"Adults in NSW or ACT diagnosed with MND, or eligible NDIS participants, should confirm access with FlexEquip and their health professional.",May be loaned or rented through FlexEquip; NDIS participants may use assistive technology and equipment funding where eligible.,2026-08-29
equipment:flexequip:bathroom,Bathroom,bathroom,FlexEquip,NSW/ACT,,https://flexequip.com.au/product-library/bathroom,Bathroom - Home - Getting Assistive Technology - Product Library - Referral - News - About Us - Contact / Privacy 0 items - Bathroom # Bathroom ### Bedside commode chair ### Over toilet aid/Toilet surround ### Shower chair/Shower stool ### Shower commode ### Transfer bench - sliding ### Assistive Technology - Armchairs - Electric raiser recliner - One-Off specialised armchairs for FlexEquip NDIS Bundle Participants Only - Utility chair - Bedside commode chair - Over toilet aid/Toilet surround - Shower chair/Shower stool - Shower commode - One-Off specialised shower,"Adults in NSW or ACT diagnosed with MND, or eligible NDIS participants, should confirm access with FlexEquip and their health professional.",May be loaned or rented through FlexEquip; NDIS participants may use assistive technology and equipment funding where eligible.,2026-08-29
equipment:flexequip:bedside-commode-chair,Bedside commode chair,bathroom,FlexEquip,NSW/ACT,,https://flexequip.com.au/product-library/bathroom/bedside-commode-chair,Bedside commode chair - Home - Getting Assistive Technology - Product Library - Referral - News - About Us - Contact / Privacy 0 items - Bathroom - Bedside commode chair # Bedside commode chair ### Bedside commode chair ### Assistive Technology - Armchairs - Electric raiser recliner - One-Off specialised armchairs for FlexEquip NDIS Bundle Participants Only - Utility chair - Over toilet aid/Toilet surround - Shower chair/Shower stool - Shower commode - One-Off specialised shower commodes for FlexEquip NDIS Bundle Participants Only - Shower commode - attendant -,"Adults in NSW or ACT diagnosed with MND, or eligible NDIS participants, should confirm access with FlexEquip and their health professional.",May be loaned or rented through FlexEquip; NDIS participants may use assistive technology and equipment funding where eligible.,2026-08-29
equipment:flexequip:over-toilet-aid-toilet-surround,Over toilet aid/Toilet surround,bathroom,FlexEquip,NSW/ACT,,https://flexequip.com.au/product-library/bathroom/over-toilet-aid-toilet-surround,Over toilet aid/Toilet surround - Home - Getting Assistive Technology - Product Library - Referral - News - About Us - Contact / Privacy 0 items - Bathroom - Over toilet aid/Toilet surround # Over toilet aid/Toilet surround ### Over toilet aid ### Toilet surround ### Assistive Technology - Armchairs - Electric raiser recliner - One-Off specialised armchairs for FlexEquip NDIS Bundle Participants Only - Utility chair - Bedside commode chair - Shower chair/Shower stool - Shower commode - One-Off specialised shower commodes for FlexEquip NDIS Bundle Participants Only -,"Adults in NSW or ACT diagnosed with MND, or eligible NDIS participants, should confirm access with FlexEquip and their health professional.",May be loaned or rented through FlexEquip; NDIS participants may use assistive technology and equipment funding where eligible.,2026-08-29
equipment:flexequip:shower-chair-shower-stool,Shower chair/Shower stool,bathroom,FlexEquip,NSW/ACT,,https://flexequip.com.au/product-library/bathroom/shower-chair-shower-stool,Shower chair/Shower stool - Home - Getting Assistive Technology - Product Library - Referral - News - About Us - Contact / Privacy 0 items - Bathroom - Shower chair/Shower stool # Shower chair/Shower stool ### Shower chair ### Shower stool ### Assistive Technology - Armchairs - Electric raiser recliner - One-Off specialised armchairs for FlexEquip NDIS Bundle Participants Only - Utility chair - Bedside commode chair - Over toilet aid/Toilet surround - Shower commode - One-Off specialised shower commodes for FlexEquip NDIS Bundle Participants Only - Shower commode -,"Adults in NSW or ACT diagnosed with MND, or eligible NDIS participants, should confirm access with FlexEquip and their health professional.",May be loaned or rented through FlexEquip; NDIS participants may use assistive technology and equipment funding where eligible.,2026-08-29
equipment:flexequip:shower-commode,Shower commode,bathroom,FlexEquip,NSW/ACT,,https://flexequip.com.au/product-library/bathroom/shower-commode-tilt-in-space-copy,Shower commode - Home - Getting Assistive Technology - Product Library - Referral - News - About Us - Contact / Privacy 0 items - Bathroom - Shower commode # Shower commode ### One-Off specialised shower commodes for FlexEquip NDIS Bundle Participants Only ### Shower commode - attendant ### Shower commode - self propelled ### Shower commode - tilt in space ### Assistive Technology - Armchairs - Electric raiser recliner - One-Off specialised armchairs for FlexEquip NDIS Bundle Participants Only - Utility chair - Bedside commode chair - Over toilet,"Adults in NSW or ACT diagnosed with MND, or eligible NDIS participants, should confirm access with FlexEquip and their health professional.",May be loaned or rented through FlexEquip; NDIS participants may use assistive technology and equipment funding where eligible.,2026-08-29
equipment:flexequip:one-off-specialised-shower-commodes-for-flexequip-ndis-bundle-participants-only,One-Off specialised shower commodes for FlexEquip NDIS Bundle Participants Only,bathroom,FlexEquip,NSW/ACT,,https://flexequip.com.au/product-library/bathroom/shower-commode-tilt-in-space-copy/one-off-specialised-shower-commodes-for-flexequip-ndis-bundle-participants-only,One-Off specialised shower commodes for FlexEquip NDIS Bundle Participants Only - Home - Getting Assistive Technology - Product Library - Referral - News - About Us - Contact / Privacy 0 items - Bathroom - Shower commode - One-Off specialised shower commodes for FlexEquip NDIS Bundle Participants Only # One-Off specialised shower commodes for FlexEquip NDIS Bundle Participants Only ### Shower commode Accessory - Roho Commode Cushion - EQ6605 ### Assistive Technology - Armchairs - Electric raiser recliner - One-Off specialised armchairs for FlexEquip NDIS Bundle Participants Only - Utility,"Adults in NSW or ACT diagnosed with MND, or eligible NDIS participants, should confirm access with FlexEquip and their health professional.",May be loaned or rented through FlexEquip; NDIS participants may use assistive technology and equipment funding where eligible.,2026-08-29
equipment:flexequip:shower-commode---attendant,Shower commode - attendant,bathroom,FlexEquip,NSW/ACT,,https://flexequip.com.au/product-library/bathroom/shower-commode-tilt-in-space-copy/shower-commodes-copy,Shower commode - attendant - Home - Getting Assistive Technology - Product Library - Referral - News - About Us - Contact / Privacy 0 items - Bathroom - Shower commode - Shower commode - attendant # Shower commode - attendant ### Shower commode - attendant - Aquatec ### Shower commode - attendant - KCare ### Shower Commode Accessory - Aquatec Soft Backrest Insert ### Shower Commode Accessory - Aquatec Soft Seat Insert ### Assistive Technology - Armchairs - Electric raiser recliner - One-Off specialised armchairs for FlexEquip NDIS Bundle,"Adults in NSW or ACT diagnosed with MND, or eligible NDIS participants, should confirm access with FlexEquip and their health professional.",May be loaned or rented through FlexEquip; NDIS participants may use assistive technology and equipment funding where eligible.,2026-08-29
equipment:flexequip:shower-commode---self-propelled,Shower commode - self propelled,bathroom,FlexEquip,NSW/ACT,,https://flexequip.com.au/product-library/bathroom/shower-commode-tilt-in-space-copy/shower-commode-self-propelled,Shower commode - self propelled - Home - Getting Assistive Technology - Product Library - Referral - News - About Us - Contact / Privacy 0 items - Bathroom - Shower commode - Shower commode - self propelled # Shower commode - self propelled ### Shower commode - self-propelled ### Assistive Technology - Armchairs - Electric raiser recliner - One-Off specialised armchairs for FlexEquip NDIS Bundle Participants Only - Utility chair - Bedside commode chair - Over toilet aid/Toilet surround - Shower chair/Shower stool - One-Off specialised shower commodes for,"Adults in NSW or ACT diagnosed with MND, or eligible NDIS participants, should confirm access with FlexEquip and their health professional.",May be loaned or rented through FlexEquip; NDIS participants may use assistive technology and equipment funding where eligible.,2026-08-29
equipment:flexequip:shower-commode---tilt-in-space,Shower commode - tilt in space,bathroom,FlexEquip,NSW/ACT,,https://flexequip.com.au/product-library/bathroom/shower-commode-tilt-in-space-copy/shower-commodes,Shower commode - tilt in space - Home - Getting Assistive Technology - Product Library - Referral - News - About Us - Contact / Privacy 0 items - Bathroom - Shower commode - Shower commode - tilt in space # Shower commode - tilt in space ### Shower commode - tilt-in-space - Aquatec ### Shower commode - tilt-in-space - KCare ### Shower Commode Accessory - Aquatec Soft Backrest Insert ### Shower Commode Accessory - Aquatec Ocean Ergo Laterals ### Shower Commode Accessory - Aquatec Soft Seat Insert ### Assistive,"Adults in NSW or ACT diagnosed with MND, or eligible NDIS participants, should confirm access with FlexEquip and their health professional.",May be loaned or rented through FlexEquip; NDIS participants may use assistive technology and equipment funding where eligible.,2026-08-29
equipment:flexequip:transfer-bench---sliding,Transfer bench - sliding,bathroom,FlexEquip,NSW/ACT,,https://flexequip.com.au/product-library/bathroom/transfer-bench-sliding,Transfer bench - sliding - Home - Getting Assistive Technology - Product Library - Referral - News - About Us - Contact / Privacy 0 items - Bathroom - Transfer bench - sliding # Transfer bench - sliding ### Sliding transfer bench ### Assistive Technology - Armchairs - Electric raiser recliner - One-Off specialised armchairs for FlexEquip NDIS Bundle Participants Only - Utility chair - Bedside commode chair - Over toilet aid/Toilet surround - Shower chair/Shower stool - Shower commode - One-Off specialised shower commodes for FlexEquip NDIS Bundle Participants,"Adults in NSW or ACT diagnosed with MND, or eligible NDIS participants, should confirm access with FlexEquip and their health professional.",May be loaned or rented through FlexEquip; NDIS participants may use assistive technology and equipment funding where eligible.,2026-08-29
equipment:flexequip:beds-and-bed-equipment,Beds and bed equipment,beds_and_bed_equipment,FlexEquip,NSW/ACT,,https://flexequip.com.au/product-library/beds-and-bed-equipment,Beds and bed equipment - Home - Getting Assistive Technology - Product Library - Referral - News - About Us - Contact / Privacy 0 items - Beds and bed equipment # Beds and bed equipment ### Bed - electric ### Bed Cradle ### Bedside commode chair ### Mattress - foam medical grade ### Mattress overlay - alternating air - high profile ### Mattress overlay - Roho ### Mattress overlay - Roho foot extension section ### Mattress overlay - Roho width extension sections set ### Mattress replacement system - alternating,"Adults in NSW or ACT diagnosed with MND, or eligible NDIS participants, should confirm access with FlexEquip and their health professional.",May be loaned or rented through FlexEquip; NDIS participants may use assistive technology and equipment funding where eligible.,2026-08-29
equipment:flexequip:communication,Communication,communication,FlexEquip,NSW/ACT,,https://flexequip.com.au/product-library/communication,Communication - Home - Getting Assistive Technology - Product Library - Referral - News - About Us - Contact / Privacy 0 items - Communication # Communication ### Call devices ### Environmental control units ### Eye gaze equipment for MND participants ### Headsets ### Modified mouses ### Mounting systems and supports ### Portable communication aids ### Switch interfaces and connectors ### Switches ### Voice amplifiers ### Voice banking ### Assistive Technology - Armchairs - Electric raiser recliner - One-Off specialised armchairs for FlexEquip NDIS Bundle Participants Only - Utility chair,"Adults in NSW or ACT diagnosed with MND, or eligible NDIS participants, should confirm access with FlexEquip and their health professional.",May be loaned or rented through FlexEquip; NDIS participants may use assistive technology and equipment funding where eligible.,2026-08-29
equipment:flexequip:call-devices,Call devices,communication,FlexEquip,NSW/ACT,,https://flexequip.com.au/product-library/communication/call-devices,Call devices - Home - Getting Assistive Technology - Product Library - Referral - News - About Us - Contact / Privacy 0 items - Communication - Call devices # Call devices ### Door chime (switch activated) ### Assistive Technology - Armchairs - Electric raiser recliner - One-Off specialised armchairs for FlexEquip NDIS Bundle Participants Only - Utility chair - Bathroom - Bedside commode chair - Over toilet aid/Toilet surround - Shower chair/Shower stool - Shower commode - One-Off specialised shower commodes for FlexEquip NDIS Bundle Participants Only - Shower,"Adults in NSW or ACT diagnosed with MND, or eligible NDIS participants, should confirm access with FlexEquip and their health professional.",May be loaned or rented through FlexEquip; NDIS participants may use assistive technology and equipment funding where eligible.,2026-08-29
equipment:flexequip:environmental-control-units,Environmental control units,communication,FlexEquip,NSW/ACT,,https://flexequip.com.au/product-library/communication/environmental-control-units,Environmental control units - Home - Getting Assistive Technology - Product Library - Referral - News - About Us - Contact / Privacy 0 items - Communication - Environmental control units # Environmental control units ### HouseMate Lite ### Assistive Technology - Armchairs - Electric raiser recliner - One-Off specialised armchairs for FlexEquip NDIS Bundle Participants Only - Utility chair - Bathroom - Bedside commode chair - Over toilet aid/Toilet surround - Shower chair/Shower stool - Shower commode - One-Off specialised shower commodes for FlexEquip NDIS Bundle Participants Only -,"Adults in NSW or ACT diagnosed with MND, or eligible NDIS participants, should confirm access with FlexEquip and their health professional.",May be loaned or rented through FlexEquip; NDIS participants may use assistive technology and equipment funding where eligible.,2026-08-29
equipment:flexequip:eye-gaze-equipment-for-mnd-participants,Eye gaze equipment for MND participants,communication,FlexEquip,NSW/ACT,,https://flexequip.com.au/product-library/communication/eye-gaze-equipment-for-mnd-participants,Eye gaze equipment for MND participants - Home - Getting Assistive Technology - Product Library - Referral - News - About Us - Contact / Privacy 0 items - Communication - Eye gaze equipment for MND participants # Eye gaze equipment for MND participants ### Eye gaze - environmental control units ### Eye gaze - mounting systems ### Eye gaze - switch ### Eye gaze system ### Assistive Technology - Armchairs - Electric raiser recliner - One-Off specialised armchairs for FlexEquip NDIS Bundle Participants Only - Utility chair - Bathroom,"Adults in NSW or ACT diagnosed with MND, or eligible NDIS participants, should confirm access with FlexEquip and their health professional.",May be loaned or rented through FlexEquip; NDIS participants may use assistive technology and equipment funding where eligible.,2026-08-29
equipment:flexequip:eye-gaze---environmental-control-units,Eye gaze - environmental control units,communication,FlexEquip,NSW/ACT,,https://flexequip.com.au/product-library/communication/eye-gaze-equipment-for-mnd-participants/eye-gaze-environmental-control-units,Eye gaze - environmental control units - Home - Getting Assistive Technology - Product Library - Referral - News - About Us - Contact / Privacy 0 items - Communication - Eye gaze equipment for MND participants - Eye gaze - environmental control units # Eye gaze - environmental control units ### Eye gaze environmental control unit - EyeR USB ### Assistive Technology - Armchairs - Electric raiser recliner - One-Off specialised armchairs for FlexEquip NDIS Bundle Participants Only - Utility chair - Bathroom - Bedside commode chair - Over,"Adults in NSW or ACT diagnosed with MND, or eligible NDIS participants, should confirm access with FlexEquip and their health professional.",May be loaned or rented through FlexEquip; NDIS participants may use assistive technology and equipment funding where eligible.,2026-08-29
equipment:flexequip:eye-gaze---mounting-systems,Eye gaze - mounting systems,communication,FlexEquip,NSW/ACT,,https://flexequip.com.au/product-library/communication/eye-gaze-equipment-for-mnd-participants/eye-gaze-mounting-systems,Eye gaze - mounting systems - Home - Getting Assistive Technology - Product Library - Referral - News - About Us - Contact / Privacy 0 items - Communication - Eye gaze equipment for MND participants - Eye gaze - mounting systems # Eye gaze - mounting systems ### Eye gaze mount - Rolling Floorstand ### Eye gaze mount - TableStand ### Eye Gaze Mount - Rehadapt FS TeleLock - EQ6302 ### Wheelchair Mount - Daessy Mini Folding Mount - EQ6401 ### Eye Gaze Mount - Rehadapt FS TeleLock -,"Adults in NSW or ACT diagnosed with MND, or eligible NDIS participants, should confirm access with FlexEquip and their health professional.",May be loaned or rented through FlexEquip; NDIS participants may use assistive technology and equipment funding where eligible.,2026-08-29
equipment:flexequip:eye-gaze---switch,Eye gaze - switch,communication,FlexEquip,NSW/ACT,,https://flexequip.com.au/product-library/communication/eye-gaze-equipment-for-mnd-participants/eye-gaze-switch,Eye gaze - switch - Home - Getting Assistive Technology - Product Library - Referral - News - About Us - Contact / Privacy 0 items - Communication - Eye gaze equipment for MND participants - Eye gaze - switch # Eye gaze - switch ### Eye gaze switch - Micro Light ### Assistive Technology - Armchairs - Electric raiser recliner - One-Off specialised armchairs for FlexEquip NDIS Bundle Participants Only - Utility chair - Bathroom - Bedside commode chair - Over toilet aid/Toilet surround - Shower chair/Shower stool -,"Adults in NSW or ACT diagnosed with MND, or eligible NDIS participants, should confirm access with FlexEquip and their health professional.",May be loaned or rented through FlexEquip; NDIS participants may use assistive technology and equipment funding where eligible.,2026-08-29
equipment:flexequip:eye-gaze-system,Eye gaze system,communication,FlexEquip,NSW/ACT,,https://flexequip.com.au/product-library/communication/eye-gaze-equipment-for-mnd-participants/eye-gaze-system,Eye gaze system - Home - Getting Assistive Technology - Product Library - Referral - News - About Us - Contact / Privacy 0 items - Communication - Eye gaze equipment for MND participants - Eye gaze system # Eye gaze system ### Eye gaze - EyeMobile 5 with Grid 3 software ### Eye gaze - Grid Pad Eye 12 with Grid 3 software ### Eye gaze - EyeMobile 5 with Communicator 5 software ### Assistive Technology - Armchairs - Electric raiser recliner - One-Off specialised armchairs for FlexEquip NDIS,"Adults in NSW or ACT diagnosed with MND, or eligible NDIS participants, should confirm access with FlexEquip and their health professional.",May be loaned or rented through FlexEquip; NDIS participants may use assistive technology and equipment funding where eligible.,2026-08-29
equipment:flexequip:headsets,Headsets,communication,FlexEquip,NSW/ACT,,https://flexequip.com.au/product-library/communication/headsets,Headsets - Home - Getting Assistive Technology - Product Library - Referral - News - About Us - Contact / Privacy 0 items - Communication - Headsets # Headsets ### Headset - with microphone ### Assistive Technology - Armchairs - Electric raiser recliner - One-Off specialised armchairs for FlexEquip NDIS Bundle Participants Only - Utility chair - Bathroom - Bedside commode chair - Over toilet aid/Toilet surround - Shower chair/Shower stool - Shower commode - One-Off specialised shower commodes for FlexEquip NDIS Bundle Participants Only - Shower commode - attendant,"Adults in NSW or ACT diagnosed with MND, or eligible NDIS participants, should confirm access with FlexEquip and their health professional.",May be loaned or rented through FlexEquip; NDIS participants may use assistive technology and equipment funding where eligible.,2026-08-29
equipment:flexequip:modified-mouses,Modified mouses,communication,FlexEquip,NSW/ACT,,https://flexequip.com.au/product-library/communication/modified-mouses,Modified mouses - Home - Getting Assistive Technology - Product Library - Referral - News - About Us - Contact / Privacy 0 items - Communication - Modified mouses # Modified mouses ### Optima - joystick computer mouse ### Point it – joystick computer mouse ### Switch adapted computer mouse ### Touchpad computer mouse ### Track ball computer mouse ### Assistive Technology - Armchairs - Electric raiser recliner - One-Off specialised armchairs for FlexEquip NDIS Bundle Participants Only - Utility chair - Bathroom - Bedside commode chair - Over toilet,"Adults in NSW or ACT diagnosed with MND, or eligible NDIS participants, should confirm access with FlexEquip and their health professional.",May be loaned or rented through FlexEquip; NDIS participants may use assistive technology and equipment funding where eligible.,2026-08-29
equipment:flexequip:mounting-systems-and-supports,Mounting systems and supports,communication,FlexEquip,NSW/ACT,,https://flexequip.com.au/product-library/communication/mounting-systems-and-supports,Mounting systems and supports - Home - Getting Assistive Technology - Product Library - Referral - News - About Us - Contact / Privacy 0 items - Communication - Mounting systems and supports # Mounting systems and supports ### ErgoRest ### iPad mount - RAM Ez Roll'r/XGrip Suction ### Switch mount - Gooseneck ### Switch mount - Latitude ### Switch mount - LocLine Super Clamp ### Assistive Technology - Armchairs - Electric raiser recliner - One-Off specialised armchairs for FlexEquip NDIS Bundle Participants Only - Utility chair - Bathroom -,"Adults in NSW or ACT diagnosed with MND, or eligible NDIS participants, should confirm access with FlexEquip and their health professional.",May be loaned or rented through FlexEquip; NDIS participants may use assistive technology and equipment funding where eligible.,2026-08-29
equipment:flexequip:portable-communication-aids,Portable communication aids,communication,FlexEquip,NSW/ACT,,https://flexequip.com.au/product-library/communication/portable-communication-aids,Portable communication aids - Home - Getting Assistive Technology - Product Library - Referral - News - About Us - Contact / Privacy 0 items - Communication - Portable communication aids # Portable communication aids ### E-Tran board ### iPad - with Assistive Express ### iPad - with Predictable ### iPad - with Proloquo2go ### iPad - HP Trial Set/2weeks with all Apps ### Head pointer - laser ### Assistive Technology - Armchairs - Electric raiser recliner - One-Off specialised armchairs for FlexEquip NDIS Bundle Participants Only - Utility chair,"Adults in NSW or ACT diagnosed with MND, or eligible NDIS participants, should confirm access with FlexEquip and their health professional.",May be loaned or rented through FlexEquip; NDIS participants may use assistive technology and equipment funding where eligible.,2026-08-29
equipment:flexequip:switch-interfaces-and-connectors,Switch interfaces and connectors,communication,FlexEquip,NSW/ACT,,https://flexequip.com.au/product-library/communication/switch-interfaces-and-connectors,Switch interfaces and connectors - Home - Getting Assistive Technology - Product Library - Referral - News - About Us - Contact / Privacy 0 items - Communication - Switch interfaces and connectors # Switch interfaces and connectors ### AbleNet LITTLEmack - EQ7242 ### Bluetooth switch interface ### JoyCable - switch connector ### Voice Amplifier - Voice Amplifier with Throat Mic - EQ7243 ### Assistive Technology - Armchairs - Electric raiser recliner - One-Off specialised armchairs for FlexEquip NDIS Bundle Participants Only - Utility chair - Bathroom - Bedside commode,"Adults in NSW or ACT diagnosed with MND, or eligible NDIS participants, should confirm access with FlexEquip and their health professional.",May be loaned or rented through FlexEquip; NDIS participants may use assistive technology and equipment funding where eligible.,2026-08-29
equipment:flexequip:switches,Switches,communication,FlexEquip,NSW/ACT,,https://flexequip.com.au/product-library/communication/switches,Switches - Home - Getting Assistive Technology - Product Library - Referral - News - About Us - Contact / Privacy 0 items - Communication - Switches # Switches ### Big Buddy Button switch ### Buddy Button Switch ### Click switch ### Cushion switch ### Jelly Bean switch ### Magic wand headset sensor ### Magic Wand switch without headset ### Micro light switch ### Mini Cup Cap switch ### Pillow switch ### Proximity switch - Little Candy Corn ### Specs switch ### String switch ### Switch 2 Blue ### Assistive,"Adults in NSW or ACT diagnosed with MND, or eligible NDIS participants, should confirm access with FlexEquip and their health professional.",May be loaned or rented through FlexEquip; NDIS participants may use assistive technology and equipment funding where eligible.,2026-08-29
equipment:flexequip:voice-amplifiers,Voice amplifiers,communication,FlexEquip,NSW/ACT,,https://flexequip.com.au/product-library/communication/voice-amplifiers,Voice amplifiers - Home - Getting Assistive Technology - Product Library - Referral - News - About Us - Contact / Privacy 0 items - Communication - Voice amplifiers # Voice amplifiers ### Voice Amplifier - Spokeman ### Assistive Technology - Armchairs - Electric raiser recliner - One-Off specialised armchairs for FlexEquip NDIS Bundle Participants Only - Utility chair - Bathroom - Bedside commode chair - Over toilet aid/Toilet surround - Shower chair/Shower stool - Shower commode - One-Off specialised shower commodes for FlexEquip NDIS Bundle Participants Only - Shower,"Adults in NSW or ACT diagnosed with MND, or eligible NDIS participants, should confirm access with FlexEquip and their health professional.",May be loaned or rented through FlexEquip; NDIS participants may use assistive technology and equipment funding where eligible.,2026-08-29
equipment:flexequip:voice-banking,Voice banking,communication,FlexEquip,NSW/ACT,,https://flexequip.com.au/product-library/communication/voice-banking,Voice banking - Home - Getting Assistive Technology - Product Library - Referral - News - About Us - Contact / Privacy 0 items - Communication - Voice banking # Voice banking ### Voice banking ### Assistive Technology - Armchairs - Electric raiser recliner - One-Off specialised armchairs for FlexEquip NDIS Bundle Participants Only - Utility chair - Bathroom - Bedside commode chair - Over toilet aid/Toilet surround - Shower chair/Shower stool - Shower commode - One-Off specialised shower commodes for FlexEquip NDIS Bundle Participants Only - Shower commode -,"Adults in NSW or ACT diagnosed with MND, or eligible NDIS participants, should confirm access with FlexEquip and their health professional.",May be loaned or rented through FlexEquip; NDIS participants may use assistive technology and equipment funding where eligible.,2026-08-29
equipment:flexequip:mobility,Mobility,mobility,FlexEquip,NSW/ACT,,https://flexequip.com.au/product-library/mobility,Mobility - Home - Getting Assistive Technology - Product Library - Referral - News - About Us - Contact / Privacy 0 items - Mobility # Mobility ### Electric wheelchairs ### Manual wheelchairs ### One-Off specialised wheelchair accessory for FlexEquip NDIS Bundle Participants Only ### Portable ramps ### Walkers ### Assistive Technology - Armchairs - Electric raiser recliner - One-Off specialised armchairs for FlexEquip NDIS Bundle Participants Only - Utility chair - Bathroom - Bedside commode chair - Over toilet aid/Toilet surround - Shower chair/Shower stool - Shower commode -,"Adults in NSW or ACT diagnosed with MND, or eligible NDIS participants, should confirm access with FlexEquip and their health professional.",May be loaned or rented through FlexEquip; NDIS participants may use assistive technology and equipment funding where eligible.,2026-08-29
equipment:flexequip:electric-wheelchairs,Electric wheelchairs,mobility,FlexEquip,NSW/ACT,,https://flexequip.com.au/product-library/mobility/electric-wheelchairs,Electric wheelchairs - Home - Getting Assistive Technology - Product Library - Referral - News - About Us - Contact / Privacy 0 items - Mobility - Electric wheelchairs # Electric wheelchairs ### Electric wheelchair - basic ### Electric wheelchair - tilt-in-space - mid wheel drive ### One-Off specialised electric wheelchairs for FlexEquip NDIS Bundle Participants Only ### Assistive Technology - Armchairs - Electric raiser recliner - One-Off specialised armchairs for FlexEquip NDIS Bundle Participants Only - Utility chair - Bathroom - Bedside commode chair - Over toilet aid/Toilet surround,"Adults in NSW or ACT diagnosed with MND, or eligible NDIS participants, should confirm access with FlexEquip and their health professional.",May be loaned or rented through FlexEquip; NDIS participants may use assistive technology and equipment funding where eligible.,2026-08-29
equipment:flexequip:electric-wheelchair---basic,Electric wheelchair - basic,mobility,FlexEquip,NSW/ACT,,https://flexequip.com.au/product-library/mobility/electric-wheelchairs/electric-wheelchair-basic,Electric wheelchair - basic - Home - Getting Assistive Technology - Product Library - Referral - News - About Us - Contact / Privacy 0 items - Mobility - Electric wheelchairs - Electric wheelchair - basic # Electric wheelchair - basic ### Electric wheelchair basic - mid wheel drive ### Electric wheelchair basic - rear wheel drive Glide S4 46cm ### Electric wheelchair basic - rear wheel drive lightweight Leitner BILLI 44cm ### Assistive Technology - Armchairs - Electric raiser recliner - One-Off specialised armchairs for FlexEquip NDIS Bundle Participants,"Adults in NSW or ACT diagnosed with MND, or eligible NDIS participants, should confirm access with FlexEquip and their health professional.",May be loaned or rented through FlexEquip; NDIS participants may use assistive technology and equipment funding where eligible.,2026-08-29
equipment:flexequip:electric-wheelchair---tilt-in-space---mid-wheel-drive,Electric wheelchair - tilt-in-space - mid wheel drive,mobility,FlexEquip,NSW/ACT,,https://flexequip.com.au/product-library/mobility/electric-wheelchairs/electric-wheelchair-tilt-in-space-mid-wheel-drive,Electric wheelchair - tilt-in-space - mid wheel drive - Home - Getting Assistive Technology - Product Library - Referral - News - About Us - Contact / Privacy 0 items - Mobility - Electric wheelchairs - Electric wheelchair - tilt-in-space - mid wheel drive # Electric wheelchair - tilt-in-space - mid wheel drive ### Electric wheelchair tilt-in-space - mid wheel drive ### Assistive Technology - Armchairs - Electric raiser recliner - One-Off specialised armchairs for FlexEquip NDIS Bundle Participants Only - Utility chair - Bathroom - Bedside commode chair -,"Adults in NSW or ACT diagnosed with MND, or eligible NDIS participants, should confirm access with FlexEquip and their health professional.",May be loaned or rented through FlexEquip; NDIS participants may use assistive technology and equipment funding where eligible.,2026-08-29
equipment:flexequip:one-off-specialised-electric-wheelchairs-for-flexequip-ndis-bundle-participants-only,One-Off specialised electric wheelchairs for FlexEquip NDIS Bundle Participants Only,mobility,FlexEquip,NSW/ACT,,https://flexequip.com.au/product-library/mobility/electric-wheelchairs/one-off,One-Off specialised electric wheelchairs for FlexEquip NDIS Bundle Participants Only - Home - Getting Assistive Technology - Product Library - Referral - News - About Us - Contact / Privacy 0 items - Mobility - Electric wheelchairs - One-Off specialised electric wheelchairs for FlexEquip NDIS Bundle Participants Only # One-Off specialised electric wheelchairs for FlexEquip NDIS Bundle Participants Only ### Electric wheelchair tilt-in-space - mid wheel drive Permobil M3 EQ5564 ### Electric wheelchair tilt-in-space - mid wheel drive TA iQ EQ5611 ### Electric wheelchair tilt-in-space - mid wheel drive Permobil,"Adults in NSW or ACT diagnosed with MND, or eligible NDIS participants, should confirm access with FlexEquip and their health professional.",May be loaned or rented through FlexEquip; NDIS participants may use assistive technology and equipment funding where eligible.,2026-08-29
equipment:flexequip:manual-wheelchairs,Manual wheelchairs,mobility,FlexEquip,NSW/ACT,,https://flexequip.com.au/product-library/mobility/manual-wheelchairs,Manual wheelchairs - Home - Getting Assistive Technology - Product Library - Referral - News - About Us - Contact / Privacy 0 items - Mobility - Manual wheelchairs # Manual wheelchairs ### Manual wheelchair - self propelling ### Manual wheelchair - tilt-in-space seat board ### Manual wheelchair - transit ### One-Off specialised manual wheelchairs for FlexEquip NDIS Bundle Participants ### Assistive Technology - Armchairs - Electric raiser recliner - One-Off specialised armchairs for FlexEquip NDIS Bundle Participants Only - Utility chair - Bathroom - Bedside commode chair - Over,"Adults in NSW or ACT diagnosed with MND, or eligible NDIS participants, should confirm access with FlexEquip and their health professional.",May be loaned or rented through FlexEquip; NDIS participants may use assistive technology and equipment funding where eligible.,2026-08-29
equipment:flexequip:manual-wheelchair---self-propelling,Manual wheelchair - self propelling,mobility,FlexEquip,NSW/ACT,,https://flexequip.com.au/product-library/mobility/manual-wheelchairs/manual-wheelchair-self-propelling,Manual wheelchair - self propelling - Home - Getting Assistive Technology - Product Library - Referral - News - About Us - Contact / Privacy 0 items - Mobility - Manual wheelchairs - Manual wheelchair - self propelling # Manual wheelchair - self propelling ### Manual wheelchair - self-propelled ### Assistive Technology - Armchairs - Electric raiser recliner - One-Off specialised armchairs for FlexEquip NDIS Bundle Participants Only - Utility chair - Bathroom - Bedside commode chair - Over toilet aid/Toilet surround - Shower chair/Shower stool - Shower commode -,"Adults in NSW or ACT diagnosed with MND, or eligible NDIS participants, should confirm access with FlexEquip and their health professional.",May be loaned or rented through FlexEquip; NDIS participants may use assistive technology and equipment funding where eligible.,2026-08-29
equipment:flexequip:manual-wheelchair---tilt-in-space-seat-board,Manual wheelchair - tilt-in-space seat board,mobility,FlexEquip,NSW/ACT,,https://flexequip.com.au/product-library/mobility/manual-wheelchairs/manual-wheelchair-tilt-in-space-seat-board,Manual wheelchair - tilt-in-space seat board - Home - Getting Assistive Technology - Product Library - Referral - News - About Us - Contact / Privacy 0 items - Mobility - Manual wheelchairs - Manual wheelchair - tilt-in-space seat board # Manual wheelchair - tilt-in-space seat board ### Manual wheelchair - tilt-in-space seat board ### Manual Tilt-in-Space Wheelchair - Ki Focus CR Transit - EQ6456 ### Manual Tilt-in-Space Wheelchair - Quickie Iris + ixpress - EQ7731 ### Assistive Technology - Armchairs - Electric raiser recliner - One-Off specialised armchairs for,"Adults in NSW or ACT diagnosed with MND, or eligible NDIS participants, should confirm access with FlexEquip and their health professional.",May be loaned or rented through FlexEquip; NDIS participants may use assistive technology and equipment funding where eligible.,2026-08-29
equipment:flexequip:manual-wheelchair---transit,Manual wheelchair - transit,mobility,FlexEquip,NSW/ACT,,https://flexequip.com.au/product-library/mobility/manual-wheelchairs/manual-wheelchair-transit,Manual wheelchair - transit - Home - Getting Assistive Technology - Product Library - Referral - News - About Us - Contact / Privacy 0 items - Mobility - Manual wheelchairs - Manual wheelchair - transit # Manual wheelchair - transit ### Manual wheelchair - transit ### Assistive Technology - Armchairs - Electric raiser recliner - One-Off specialised armchairs for FlexEquip NDIS Bundle Participants Only - Utility chair - Bathroom - Bedside commode chair - Over toilet aid/Toilet surround - Shower chair/Shower stool - Shower commode - One-Off specialised shower,"Adults in NSW or ACT diagnosed with MND, or eligible NDIS participants, should confirm access with FlexEquip and their health professional.",May be loaned or rented through FlexEquip; NDIS participants may use assistive technology and equipment funding where eligible.,2026-08-29
equipment:flexequip:one-off-specialised-manual-wheelchairs-for-flexequip-ndis-bundle-participants,One-Off specialised manual wheelchairs for FlexEquip NDIS Bundle Participants,mobility,FlexEquip,NSW/ACT,,https://flexequip.com.au/product-library/mobility/manual-wheelchairs/one-off-specialised-manual-wheelchairs-for-flexequip-ndis-bundle-participants,One-Off specialised manual wheelchairs for FlexEquip NDIS Bundle Participants - Home - Getting Assistive Technology - Product Library - Referral - News - About Us - Contact / Privacy 0 items - Mobility - Manual wheelchairs - One-Off specialised manual wheelchairs for FlexEquip NDIS Bundle Participants # One-Off specialised manual wheelchairs for FlexEquip NDIS Bundle Participants ### Manual Tilt-in-Space Wheelchair - Self Propelled TIS Karma EQ5762 ### Assistive Technology - Armchairs - Electric raiser recliner - One-Off specialised armchairs for FlexEquip NDIS Bundle Participants Only - Utility chair - Bathroom,"Adults in NSW or ACT diagnosed with MND, or eligible NDIS participants, should confirm access with FlexEquip and their health professional.",May be loaned or rented through FlexEquip; NDIS participants may use assistive technology and equipment funding where eligible.,2026-08-29
equipment:flexequip:one-off-specialised-wheelchair-accessory-for-flexequip-ndis-bundle-participants-only,One-Off specialised wheelchair accessory for FlexEquip NDIS Bundle Participants Only,mobility,FlexEquip,NSW/ACT,,https://flexequip.com.au/product-library/mobility/wheelchair-accessory-miscellaneous,One-Off specialised wheelchair accessory for FlexEquip NDIS Bundle Participants Only - Home - Getting Assistive Technology - Product Library - Referral - News - About Us - Contact / Privacy 0 items - Mobility - One-Off specialised wheelchair accessory for FlexEquip NDIS Bundle Participants Only # One-Off specialised wheelchair accessory for FlexEquip NDIS Bundle Participants Only ### Wheelchair accessory - R-Net Omni 2 EQ5639 ### Wheelchair accessory - Mo-Vis Chin Control - EQ56035 ### Wheelchair Accessory - Savant Head Support Small - EQ6086 ### Wheelchair Accessory - Bodypoint Modular Arm,"Adults in NSW or ACT diagnosed with MND, or eligible NDIS participants, should confirm access with FlexEquip and their health professional.",May be loaned or rented through FlexEquip; NDIS participants may use assistive technology and equipment funding where eligible.,2026-08-29
equipment:flexequip:portable-ramps,Portable ramps,mobility,FlexEquip,NSW/ACT,,https://flexequip.com.au/product-library/mobility/portable-ramps,Portable ramps - Home - Getting Assistive Technology - Product Library - Referral - News - About Us - Contact / Privacy 0 items - Mobility - Portable ramps # Portable ramps ### Decpac EBL ### Assistive Technology - Armchairs - Electric raiser recliner - One-Off specialised armchairs for FlexEquip NDIS Bundle Participants Only - Utility chair - Bathroom - Bedside commode chair - Over toilet aid/Toilet surround - Shower chair/Shower stool - Shower commode - One-Off specialised shower commodes for FlexEquip NDIS Bundle Participants Only - Shower commode -,"Adults in NSW or ACT diagnosed with MND, or eligible NDIS participants, should confirm access with FlexEquip and their health professional.",May be loaned or rented through FlexEquip; NDIS participants may use assistive technology and equipment funding where eligible.,2026-08-29
equipment:flexequip:walkers,Walkers,mobility,FlexEquip,NSW/ACT,,https://flexequip.com.au/product-library/mobility/walkers,Walkers - Home - Getting Assistive Technology - Product Library - Referral - News - About Us - Contact / Privacy 0 items - Mobility - Walkers # Walkers ### Walking frame - forearm support ### Walking frame - pick up frame ### Walking frame - seat and basket - bike brakes ### Walking frame - seat and basket - push down brakes ### Assistive Technology - Armchairs - Electric raiser recliner - One-Off specialised armchairs for FlexEquip NDIS Bundle Participants Only - Utility chair - Bathroom - Bedside commode,"Adults in NSW or ACT diagnosed with MND, or eligible NDIS participants, should confirm access with FlexEquip and their health professional.",May be loaned or rented through FlexEquip; NDIS participants may use assistive technology and equipment funding where eligible.,2026-08-29
equipment:flexequip:neck-support,Neck support,neck_support,FlexEquip,NSW/ACT,,https://flexequip.com.au/product-library/neck-support,Neck support - Home - Getting Assistive Technology - Product Library - Referral - News - About Us - Contact / Privacy 0 items - Neck support # Neck support ### Headmaster collar ### Assistive Technology - Armchairs - Electric raiser recliner - One-Off specialised armchairs for FlexEquip NDIS Bundle Participants Only - Utility chair - Bathroom - Bedside commode chair - Over toilet aid/Toilet surround - Shower chair/Shower stool - Shower commode - One-Off specialised shower commodes for FlexEquip NDIS Bundle Participants Only - Shower commode - attendant -,"Adults in NSW or ACT diagnosed with MND, or eligible NDIS participants, should confirm access with FlexEquip and their health professional.",May be loaned or rented through FlexEquip; NDIS participants may use assistive technology and equipment funding where eligible.,2026-08-29
equipment:flexequip:one-off-specialised-equipment-for-flexequip-ndis-bundle-participants-only,One-Off specialised equipment for FlexEquip NDIS Bundle Participants Only,one_off_specialised_equipment_for_flexequip_ndis_bundle_participants_only,FlexEquip,NSW/ACT,,https://flexequip.com.au/product-library/one-off-specialised-equipment-for-flexequip-ndis-bundle-participants-only,One-Off specialised equipment for FlexEquip NDIS Bundle Participants Only - Home - Getting Assistive Technology - Product Library - Referral - News - About Us - Contact / Privacy 0 items - One-Off specialised equipment for FlexEquip NDIS Bundle Participants Only # One-Off specialised equipment for FlexEquip NDIS Bundle Participants Only ### AbleNet LITTLEmack - EQ7242 ### Airgo Fusion 2:1 Seat Walker & Wheelchair EQ7094 ### Allegro Standing Sling - Large - EQ6706 ### Arjo Carendo Electric Hygiene System - EQ7142 ### Armchair recliner tilt - Aspire Posture Pro Recliner,"Adults in NSW or ACT diagnosed with MND, or eligible NDIS participants, should confirm access with FlexEquip and their health professional.",May be loaned or rented through FlexEquip; NDIS participants may use assistive technology and equipment funding where eligible.,2026-08-29
equipment:flexequip:pressure-care,Pressure care,pressure_care,FlexEquip,NSW/ACT,,https://flexequip.com.au/product-library/pressure-care,Pressure care - Home - Getting Assistive Technology - Product Library - Referral - News - About Us - Contact / Privacy 0 items - Pressure care # Pressure care ### Cushion ### Mattress ### Armchair overlay - pressure care ### Electric raiser recliner - pressure care ### Assistive Technology - Armchairs - Electric raiser recliner - One-Off specialised armchairs for FlexEquip NDIS Bundle Participants Only - Utility chair - Bathroom - Bedside commode chair - Over toilet aid/Toilet surround - Shower chair/Shower stool - Shower commode - One-Off specialised,"Adults in NSW or ACT diagnosed with MND, or eligible NDIS participants, should confirm access with FlexEquip and their health professional.",May be loaned or rented through FlexEquip; NDIS participants may use assistive technology and equipment funding where eligible.,2026-08-29
equipment:flexequip:cushion,Cushion,pressure_care,FlexEquip,NSW/ACT,,https://flexequip.com.au/product-library/pressure-care/cushion,Cushion - Home - Getting Assistive Technology - Product Library - Referral - News - About Us - Contact / Privacy 0 items - Pressure care - Cushion # Cushion ### Cushion - Air/Foam Combination ### Cushion - gel ### Cushion - Roho ### One-Off specialised cushions for FlexEquip NDIS Bundle Participants Only ### Assistive Technology - Armchairs - Electric raiser recliner - One-Off specialised armchairs for FlexEquip NDIS Bundle Participants Only - Utility chair - Bathroom - Bedside commode chair - Over toilet aid/Toilet surround - Shower chair/Shower stool,"Adults in NSW or ACT diagnosed with MND, or eligible NDIS participants, should confirm access with FlexEquip and their health professional.",May be loaned or rented through FlexEquip; NDIS participants may use assistive technology and equipment funding where eligible.,2026-08-29
equipment:flexequip:cushion---air-foam-combination,Cushion - Air/Foam Combination,pressure_care,FlexEquip,NSW/ACT,,https://flexequip.com.au/product-library/pressure-care/cushion/cushion-air-foam-combination,Cushion - Air/Foam Combination - Home - Getting Assistive Technology - Product Library - Referral - News - About Us - Contact / Privacy 0 items - Pressure care - Cushion - Cushion - Air/Foam Combination # Cushion - Air/Foam Combination ### Cushion Varilite Evolution Air/Foam High Profile ### Assistive Technology - Armchairs - Electric raiser recliner - One-Off specialised armchairs for FlexEquip NDIS Bundle Participants Only - Utility chair - Bathroom - Bedside commode chair - Over toilet aid/Toilet surround - Shower chair/Shower stool - Shower commode - One-Off,"Adults in NSW or ACT diagnosed with MND, or eligible NDIS participants, should confirm access with FlexEquip and their health professional.",May be loaned or rented through FlexEquip; NDIS participants may use assistive technology and equipment funding where eligible.,2026-08-29
equipment:flexequip:cushion---gel,Cushion - gel,pressure_care,FlexEquip,NSW/ACT,,https://flexequip.com.au/product-library/pressure-care/cushion/cushion-gel,Cushion - gel - Home - Getting Assistive Technology - Product Library - Referral - News - About Us - Contact / Privacy 0 items - Pressure care - Cushion - Cushion - gel # Cushion - gel ### Gel high profile cushion ### Gel low profile cushion ### Assistive Technology - Armchairs - Electric raiser recliner - One-Off specialised armchairs for FlexEquip NDIS Bundle Participants Only - Utility chair - Bathroom - Bedside commode chair - Over toilet aid/Toilet surround - Shower chair/Shower stool - Shower commode - One-Off,"Adults in NSW or ACT diagnosed with MND, or eligible NDIS participants, should confirm access with FlexEquip and their health professional.",May be loaned or rented through FlexEquip; NDIS participants may use assistive technology and equipment funding where eligible.,2026-08-29
equipment:flexequip:cushion---roho,Cushion - Roho,pressure_care,FlexEquip,NSW/ACT,,https://flexequip.com.au/product-library/pressure-care/cushion/cushion-roho,Cushion - Roho - Home - Getting Assistive Technology - Product Library - Referral - News - About Us - Contact / Privacy 0 items - Pressure care - Cushion - Cushion - Roho # Cushion - Roho ### Roho low profile cushion ### Roho high profile cushion ### Roho high profile - Quadtro cushion ### Assistive Technology - Armchairs - Electric raiser recliner - One-Off specialised armchairs for FlexEquip NDIS Bundle Participants Only - Utility chair - Bathroom - Bedside commode chair - Over toilet aid/Toilet surround - Shower,"Adults in NSW or ACT diagnosed with MND, or eligible NDIS participants, should confirm access with FlexEquip and their health professional.",May be loaned or rented through FlexEquip; NDIS participants may use assistive technology and equipment funding where eligible.,2026-08-29
equipment:flexequip:one-off-specialised-cushions-for-flexequip-ndis-bundle-participants-only,One-Off specialised cushions for FlexEquip NDIS Bundle Participants Only,pressure_care,FlexEquip,NSW/ACT,,https://flexequip.com.au/product-library/pressure-care/cushion/one-off-specialised-cushions-for-flexequip-ndis-bundle-participants-only,One-Off specialised cushions for FlexEquip NDIS Bundle Participants Only - Home - Getting Assistive Technology - Product Library - Referral - News - About Us - Contact / Privacy 0 items - Pressure care - Cushion - One-Off specialised cushions for FlexEquip NDIS Bundle Participants Only # One-Off specialised cushions for FlexEquip NDIS Bundle Participants Only ### Cushion - foam high profile - Spex Classic Standard Contour EQ5632 ### Cushion - foam + Roho high profile - Permobil Roho Corpus Ergo Air EQ6316 ### Cushion - foam high profile -,"Adults in NSW or ACT diagnosed with MND, or eligible NDIS participants, should confirm access with FlexEquip and their health professional.",May be loaned or rented through FlexEquip; NDIS participants may use assistive technology and equipment funding where eligible.,2026-08-29
equipment:flexequip:mattress,Mattress,pressure_care,FlexEquip,NSW/ACT,,https://flexequip.com.au/product-library/pressure-care/mattress,Mattress - Home - Getting Assistive Technology - Product Library - Referral - News - About Us - Contact / Privacy 0 items - Pressure care - Mattress # Mattress ### Mattress - foam medical grade ### Mattress - overlays ### Mattress - replacement systems ### One-Off specialised mattress for FlexEquip NDIS Bundle Participants Only ### Assistive Technology - Armchairs - Electric raiser recliner - One-Off specialised armchairs for FlexEquip NDIS Bundle Participants Only - Utility chair - Bathroom - Bedside commode chair - Over toilet aid/Toilet surround - Shower,"Adults in NSW or ACT diagnosed with MND, or eligible NDIS participants, should confirm access with FlexEquip and their health professional.",May be loaned or rented through FlexEquip; NDIS participants may use assistive technology and equipment funding where eligible.,2026-08-29
equipment:flexequip:mattress---foam-medical-grade,Mattress - foam medical grade,pressure_care,FlexEquip,NSW/ACT,,https://flexequip.com.au/product-library/pressure-care/mattress/mattress-foam,Mattress - foam medical grade - Home - Getting Assistive Technology - Product Library - Referral - News - About Us - Contact / Privacy 0 items - Pressure care - Mattress - Mattress - foam medical grade # Mattress - foam medical grade ### Mattress - foam medical grade ### Assistive Technology - Armchairs - Electric raiser recliner - One-Off specialised armchairs for FlexEquip NDIS Bundle Participants Only - Utility chair - Bathroom - Bedside commode chair - Over toilet aid/Toilet surround - Shower chair/Shower stool - Shower commode,"Adults in NSW or ACT diagnosed with MND, or eligible NDIS participants, should confirm access with FlexEquip and their health professional.",May be loaned or rented through FlexEquip; NDIS participants may use assistive technology and equipment funding where eligible.,2026-08-29
equipment:flexequip:mattress---overlays,Mattress - overlays,pressure_care,FlexEquip,NSW/ACT,,https://flexequip.com.au/product-library/pressure-care/mattress/mattress-overlay,Mattress - overlays - Home - Getting Assistive Technology - Product Library - Referral - News - About Us - Contact / Privacy 0 items - Pressure care - Mattress - Mattress - overlays # Mattress - overlays ### Mattress overlay - alternating air - high profile ### Mattress overlay - Roho ### Mattress overlay - Roho foot extension section ### Mattress overlay - Roho width extension sections set ### Assistive Technology - Armchairs - Electric raiser recliner - One-Off specialised armchairs for FlexEquip NDIS Bundle Participants Only - Utility,"Adults in NSW or ACT diagnosed with MND, or eligible NDIS participants, should confirm access with FlexEquip and their health professional.",May be loaned or rented through FlexEquip; NDIS participants may use assistive technology and equipment funding where eligible.,2026-08-29
equipment:flexequip:mattress---replacement-systems,Mattress - replacement systems,pressure_care,FlexEquip,NSW/ACT,,https://flexequip.com.au/product-library/pressure-care/mattress/mattress-replacement-system,Mattress - replacement systems - Home - Getting Assistive Technology - Product Library - Referral - News - About Us - Contact / Privacy 0 items - Pressure care - Mattress - Mattress - replacement systems # Mattress - replacement systems ### Mattress replacement system - alternating air - high profile ### Mattress replacement system - hybrid foam/air high level ### Assistive Technology - Armchairs - Electric raiser recliner - One-Off specialised armchairs for FlexEquip NDIS Bundle Participants Only - Utility chair - Bathroom - Bedside commode chair - Over,"Adults in NSW or ACT diagnosed with MND, or eligible NDIS participants, should confirm access with FlexEquip and their health professional.",May be loaned or rented through FlexEquip; NDIS participants may use assistive technology and equipment funding where eligible.,2026-08-29
equipment:flexequip:one-off-specialised-mattress-for-flexequip-ndis-bundle-participants-only,One-Off specialised mattress for FlexEquip NDIS Bundle Participants Only,pressure_care,FlexEquip,NSW/ACT,,https://flexequip.com.au/product-library/pressure-care/mattress/one-off-specialised-mattress-for-flexequip-ndis-bundle-participants-only,One-Off specialised mattress for FlexEquip NDIS Bundle Participants Only - Home - Getting Assistive Technology - Product Library - Referral - News - About Us - Contact / Privacy 0 items - Pressure care - Mattress - One-Off specialised mattress for FlexEquip NDIS Bundle Participants Only # One-Off specialised mattress for FlexEquip NDIS Bundle Participants Only ### Mattress replacement system - hybrid foam/air high level CuroCell Area Zone King Single EQ5514 ### Assistive Technology - Armchairs - Electric raiser recliner - One-Off specialised armchairs for FlexEquip NDIS Bundle Participants Only,"Adults in NSW or ACT diagnosed with MND, or eligible NDIS participants, should confirm access with FlexEquip and their health professional.",May be loaned or rented through FlexEquip; NDIS participants may use assistive technology and equipment funding where eligible.,2026-08-29
equipment:flexequip:transfer-aids,Transfer aids,transfer_aids,FlexEquip,NSW/ACT,,https://flexequip.com.au/product-library/transfer-aids,Transfer aids - Home - Getting Assistive Technology - Product Library - Referral - News - About Us - Contact / Privacy 0 items - Transfer aids # Transfer aids ### Handy Bar ### Hoists ### One-Off specialised transfer aid for FlexEquip NDIS Bundle Participants Only ### Over bed pole ### Slide transfer board ### Sliding transfer bench ### Slings ### Standing Lifters ### Transfer belts ### Turntables ### Arjo Sara Stedy Standing Lifter ### Assistive Technology - Armchairs - Electric raiser recliner - One-Off specialised armchairs for FlexEquip NDIS,"Adults in NSW or ACT diagnosed with MND, or eligible NDIS participants, should confirm access with FlexEquip and their health professional.",May be loaned or rented through FlexEquip; NDIS participants may use assistive technology and equipment funding where eligible.,2026-08-29
equipment:flexequip:handy-bar,Handy Bar,transfer_aids,FlexEquip,NSW/ACT,,https://flexequip.com.au/product-library/transfer-aids/handy-bar,Handy Bar - Home - Getting Assistive Technology - Product Library - Referral - News - About Us - Contact / Privacy 0 items - Transfer aids - Handy Bar # Handy Bar ### Handy Bar ### Assistive Technology - Armchairs - Electric raiser recliner - One-Off specialised armchairs for FlexEquip NDIS Bundle Participants Only - Utility chair - Bathroom - Bedside commode chair - Over toilet aid/Toilet surround - Shower chair/Shower stool - Shower commode - One-Off specialised shower commodes for FlexEquip NDIS Bundle Participants Only - Shower commode,"Adults in NSW or ACT diagnosed with MND, or eligible NDIS participants, should confirm access with FlexEquip and their health professional.",May be loaned or rented through FlexEquip; NDIS participants may use assistive technology and equipment funding where eligible.,2026-08-29
equipment:flexequip:hoists,Hoists,transfer_aids,FlexEquip,NSW/ACT,,https://flexequip.com.au/product-library/transfer-aids/hoists,Hoists - Home - Getting Assistive Technology - Product Library - Referral - News - About Us - Contact / Privacy 0 items - Transfer aids - Hoists # Hoists ### Pivot hoist ### Assistive Technology - Armchairs - Electric raiser recliner - One-Off specialised armchairs for FlexEquip NDIS Bundle Participants Only - Utility chair - Bathroom - Bedside commode chair - Over toilet aid/Toilet surround - Shower chair/Shower stool - Shower commode - One-Off specialised shower commodes for FlexEquip NDIS Bundle Participants Only - Shower commode - attendant -,"Adults in NSW or ACT diagnosed with MND, or eligible NDIS participants, should confirm access with FlexEquip and their health professional.",May be loaned or rented through FlexEquip; NDIS participants may use assistive technology and equipment funding where eligible.,2026-08-29
equipment:flexequip:one-off-specialised-transfer-aid-for-flexequip-ndis-bundle-participants-only,One-Off specialised transfer aid for FlexEquip NDIS Bundle Participants Only,transfer_aids,FlexEquip,NSW/ACT,,https://flexequip.com.au/product-library/transfer-aids/one-off-specialised-transfer-aid-for-flexequip-ndis-bundle-participants-only,One-Off specialised transfer aid for FlexEquip NDIS Bundle Participants Only - Home - Getting Assistive Technology - Product Library - Referral - News - About Us - Contact / Privacy 0 items - Transfer aids - One-Off specialised transfer aid for FlexEquip NDIS Bundle Participants Only # One-Off specialised transfer aid for FlexEquip NDIS Bundle Participants Only ### Stealth Gel Footplate Covers - EQ6260 ### Wheelchair accessory - Permobil Adjustable Tray - EQ7361 ### Wheelchair accessory - Permobil Adjustable Tray - EQ7362 ### Cushion - foam high profile - Spex,"Adults in NSW or ACT diagnosed with MND, or eligible NDIS participants, should confirm access with FlexEquip and their health professional.",May be loaned or rented through FlexEquip; NDIS participants may use assistive technology and equipment funding where eligible.,2026-08-29
equipment:flexequip:over-bed-pole,Over bed pole,transfer_aids,FlexEquip,NSW/ACT,,https://flexequip.com.au/product-library/transfer-aids/over-bed-pole,Over bed pole - Home - Getting Assistive Technology - Product Library - Referral - News - About Us - Contact / Privacy 0 items - Transfer aids - Over bed pole # Over bed pole ### Over bed pole ### Assistive Technology - Armchairs - Electric raiser recliner - One-Off specialised armchairs for FlexEquip NDIS Bundle Participants Only - Utility chair - Bathroom - Bedside commode chair - Over toilet aid/Toilet surround - Shower chair/Shower stool - Shower commode - One-Off specialised shower commodes for FlexEquip NDIS Bundle Participants,"Adults in NSW or ACT diagnosed with MND, or eligible NDIS participants, should confirm access with FlexEquip and their health professional.",May be loaned or rented through FlexEquip; NDIS participants may use assistive technology and equipment funding where eligible.,2026-08-29
equipment:flexequip:slide-transfer-board,Slide transfer board,transfer_aids,FlexEquip,NSW/ACT,,https://flexequip.com.au/product-library/transfer-aids/slide-transfer-board,Slide transfer board - Home - Getting Assistive Technology - Product Library - Referral - News - About Us - Contact / Privacy 0 items - Transfer aids - Slide transfer board # Slide transfer board ### Slide transfer board ### Assistive Technology - Armchairs - Electric raiser recliner - One-Off specialised armchairs for FlexEquip NDIS Bundle Participants Only - Utility chair - Bathroom - Bedside commode chair - Over toilet aid/Toilet surround - Shower chair/Shower stool - Shower commode - One-Off specialised shower commodes for FlexEquip NDIS Bundle Participants,"Adults in NSW or ACT diagnosed with MND, or eligible NDIS participants, should confirm access with FlexEquip and their health professional.",May be loaned or rented through FlexEquip; NDIS participants may use assistive technology and equipment funding where eligible.,2026-08-29
equipment:flexequip:sliding-transfer-bench,Sliding transfer bench,transfer_aids,FlexEquip,NSW/ACT,,https://flexequip.com.au/product-library/transfer-aids/sliding-transfer-bench,Sliding transfer bench - Home - Getting Assistive Technology - Product Library - Referral - News - About Us - Contact / Privacy 0 items - Transfer aids - Sliding transfer bench # Sliding transfer bench ### Sliding transfer bench ### Assistive Technology - Armchairs - Electric raiser recliner - One-Off specialised armchairs for FlexEquip NDIS Bundle Participants Only - Utility chair - Bathroom - Bedside commode chair - Over toilet aid/Toilet surround - Shower chair/Shower stool - Shower commode - One-Off specialised shower commodes for FlexEquip NDIS Bundle Participants,"Adults in NSW or ACT diagnosed with MND, or eligible NDIS participants, should confirm access with FlexEquip and their health professional.",May be loaned or rented through FlexEquip; NDIS participants may use assistive technology and equipment funding where eligible.,2026-08-29
equipment:flexequip:slings,Slings,transfer_aids,FlexEquip,NSW/ACT,,https://flexequip.com.au/product-library/transfer-aids/slings,"Slings - Home - Getting Assistive Technology - Product Library - Referral - News - About Us - Contact / Privacy 0 items - Transfer aids - Slings # Slings ### Sling for hoist - Pivot, full body with head support ### Assistive Technology - Armchairs - Electric raiser recliner - One-Off specialised armchairs for FlexEquip NDIS Bundle Participants Only - Utility chair - Bathroom - Bedside commode chair - Over toilet aid/Toilet surround - Shower chair/Shower stool - Shower commode - One-Off specialised shower commodes for FlexEquip NDIS Bundle","Adults in NSW or ACT diagnosed with MND, or eligible NDIS participants, should confirm access with FlexEquip and their health professional.",May be loaned or rented through FlexEquip; NDIS participants may use assistive technology and equipment funding where eligible.,2026-08-29
equipment:flexequip:standing-lifters,Standing Lifters,transfer_aids,FlexEquip,NSW/ACT,,https://flexequip.com.au/product-library/transfer-aids/standing-lifters,Standing Lifters - Home - Getting Assistive Technology - Product Library - Referral - News - About Us - Contact / Privacy 0 items - Transfer aids - Standing Lifters # Standing Lifters ### Arjo Sara Stedy Standing Lifter ### Assistive Technology - Armchairs - Electric raiser recliner - One-Off specialised armchairs for FlexEquip NDIS Bundle Participants Only - Utility chair - Bathroom - Bedside commode chair - Over toilet aid/Toilet surround - Shower chair/Shower stool - Shower commode - One-Off specialised shower commodes for FlexEquip NDIS Bundle Participants Only,"Adults in NSW or ACT diagnosed with MND, or eligible NDIS participants, should confirm access with FlexEquip and their health professional.",May be loaned or rented through FlexEquip; NDIS participants may use assistive technology and equipment funding where eligible.,2026-08-29
equipment:flexequip:transfer-belts,Transfer belts,transfer_aids,FlexEquip,NSW/ACT,,https://flexequip.com.au/product-library/transfer-aids/transfer-belts,Transfer belts - Home - Getting Assistive Technology - Product Library - Referral - News - About Us - Contact / Privacy 0 items - Transfer aids - Transfer belts # Transfer belts ### Transfer belt – Velcro fastening ### Transfer belt - clip fastening ### Assistive Technology - Armchairs - Electric raiser recliner - One-Off specialised armchairs for FlexEquip NDIS Bundle Participants Only - Utility chair - Bathroom - Bedside commode chair - Over toilet aid/Toilet surround - Shower chair/Shower stool - Shower commode - One-Off specialised shower commodes,"Adults in NSW or ACT diagnosed with MND, or eligible NDIS participants, should confirm access with FlexEquip and their health professional.",May be loaned or rented through FlexEquip; NDIS participants may use assistive technology and equipment funding where eligible.,2026-08-29
equipment:flexequip:turntables,Turntables,transfer_aids,FlexEquip,NSW/ACT,,https://flexequip.com.au/product-library/transfer-aids/turntables,Turntables - Home - Getting Assistive Technology - Product Library - Referral - News - About Us - Contact / Privacy 0 items - Transfer aids - Turntables # Turntables ### Turntable ### Assistive Technology - Armchairs - Electric raiser recliner - One-Off specialised armchairs for FlexEquip NDIS Bundle Participants Only - Utility chair - Bathroom - Bedside commode chair - Over toilet aid/Toilet surround - Shower chair/Shower stool - Shower commode - One-Off specialised shower commodes for FlexEquip NDIS Bundle Participants Only - Shower commode - attendant - Shower,"Adults in NSW or ACT diagnosed with MND, or eligible NDIS participants, should confirm access with FlexEquip and their health professional.",May be loaned or rented through FlexEquip; NDIS participants may use assistive technology and equipment funding where eligible.,2026-08-29
equipment:flexequip:resmed-homecare-stand---eq6981,ResMed homecare stand - EQ6981,armchairs,FlexEquip,NSW/ACT,,https://flexequip.com.au/product-library/armchairs/one-off-specialised-armchairs-for-flexequip-ndis-bundle-participants-only/resmed-homecare-stand-eq6981,ResMed homecare stand - EQ6981 - Home - Getting Assistive Technology - Product Library - Referral - News - About Us - Contact / Privacy 0 items - Armchairs - One-Off specialised armchairs for FlexEquip NDIS Bundle Participants Only - ResMed homecare stand - EQ6981 # ResMed homecare stand - EQ6981 http://schema.org/OutOfStock Add to Referral - ONE ONLY in library - Not available for individual rental FlexEquip returned items are checked and cleaned according to a strict cleaning protocol by FlexEquip staff prior to subsequent rental. ResMed homecare stand as,"Adults in NSW or ACT diagnosed with MND, or eligible NDIS participants, should confirm access with FlexEquip and their health professional.",May be loaned or rented through FlexEquip; NDIS participants may use assistive technology and equipment funding where eligible.,2026-08-29
equipment:flexequip:electric-wheelchair-basic---rear-wheel-drive-whill-model-c---eq6984,Electric wheelchair basic - rear wheel drive Whill Model C - EQ6984,armchairs,FlexEquip,NSW/ACT,,https://flexequip.com.au/product-library/armchairs/one-off-specialised-armchairs-for-flexequip-ndis-bundle-participants-only/electric-wheelchair-basic-rear-wheel-drive-whill-model-c-eq6984,Electric wheelchair basic - rear wheel drive Whill Model C - EQ6984 - Home - Getting Assistive Technology - Product Library - Referral - News - About Us - Contact / Privacy 0 items - Armchairs - One-Off specialised armchairs for FlexEquip NDIS Bundle Participants Only - Electric wheelchair basic - rear wheel drive Whill Model C - EQ6984 # Electric wheelchair basic - rear wheel drive Whill Model C - EQ6984 http://schema.org/OutOfStock Add to Referral - Not available for individual rental FlexEquip items are checked and cleaned according to,"Adults in NSW or ACT diagnosed with MND, or eligible NDIS participants, should confirm access with FlexEquip and their health professional.",May be loaned or rented through FlexEquip; NDIS participants may use assistive technology and equipment funding where eligible.,2026-08-29
equipment:flexequip:shower-commode---self-propelled-–-shower-buddy---eq7449,Shower commode - Self Propelled – Shower Buddy - EQ7449,armchairs,FlexEquip,NSW/ACT,,https://flexequip.com.au/product-library/armchairs/one-off-specialised-armchairs-for-flexequip-ndis-bundle-participants-only/shower-commode-self-propelled-shower-buddy-eq7449,Shower commode - Self Propelled – Shower Buddy - EQ7449 - Home - Getting Assistive Technology - Product Library - Referral - News - About Us - Contact / Privacy 0 items - Armchairs - One-Off specialised armchairs for FlexEquip NDIS Bundle Participants Only - Shower commode - Self Propelled – Shower Buddy - EQ7449 # Shower commode - Self Propelled – Shower Buddy - EQ7449 http://schema.org/OutOfStock Add to Referral - ONE ONLY in library - Not available for NDIS individual rental FlexEquip returned items are checked and cleaned according,"Adults in NSW or ACT diagnosed with MND, or eligible NDIS participants, should confirm access with FlexEquip and their health professional.",May be loaned or rented through FlexEquip; NDIS participants may use assistive technology and equipment funding where eligible.,2026-08-29
equipment:flexequip:bedside-commode-chair,Bedside commode chair,bathroom,FlexEquip,NSW/ACT,,https://flexequip.com.au/product-library/bathroom/bedside-commode-chair/bedside-commode-chair,Bedside commode chair - Home - Getting Assistive Technology - Product Library - Referral - News - About Us - Contact / Privacy 0 items - Bathroom - Bedside commode chair # Bedside commode chair http://schema.org/OutOfStock Add to Referral Items may vary from Illustration. Limits apply. FlexEquip items are loaned or rented for short to medium-term use. The returned items are checked and cleaned according to a strict cleaning protocol by FlexEquip staff prior to subsequent loan or rental. - Description - Included - Key features - Additional Information -,"Adults in NSW or ACT diagnosed with MND, or eligible NDIS participants, should confirm access with FlexEquip and their health professional.",May be loaned or rented through FlexEquip; NDIS participants may use assistive technology and equipment funding where eligible.,2026-08-29
equipment:flexequip:over-toilet-aid,Over toilet aid,bathroom,FlexEquip,NSW/ACT,,https://flexequip.com.au/product-library/bathroom/over-toilet-aid-toilet-surround/over-toilet-aid,Over toilet aid - Home - Getting Assistive Technology - Product Library - Referral - News - About Us - Contact / Privacy 0 items - Bathroom - Over toilet aid/Toilet surround - Over toilet aid # Over toilet aid http://schema.org/OutOfStock Size: * --- Please Select --- Standard Wide 50cm Add to Referral - Limited stock in wide size Items may vary from Illustration. Limits apply. FlexEquip items are loaned or rented for short to medium-term use. The returned items are checked and cleaned according to a strict cleaning protocol,"Adults in NSW or ACT diagnosed with MND, or eligible NDIS participants, should confirm access with FlexEquip and their health professional.",May be loaned or rented through FlexEquip; NDIS participants may use assistive technology and equipment funding where eligible.,2026-08-29
equipment:flexequip:toilet-surround,Toilet surround,bathroom,FlexEquip,NSW/ACT,,https://flexequip.com.au/product-library/bathroom/over-toilet-aid-toilet-surround/toilet-surround,Toilet surround - Home - Getting Assistive Technology - Product Library - Referral - News - About Us - Contact / Privacy 0 items - Bathroom - Over toilet aid/Toilet surround - Toilet surround # Toilet surround http://schema.org/OutOfStock Size: * --- Please Select --- Standard Wide 52cm Add to Referral - Limited stock in wide size Items may vary from Illustration. Limits apply. FlexEquip items are loaned or rented for short to medium-term use. The returned items are checked and cleaned according to a strict cleaning protocol by FlexEquip staff,"Adults in NSW or ACT diagnosed with MND, or eligible NDIS participants, should confirm access with FlexEquip and their health professional.",May be loaned or rented through FlexEquip; NDIS participants may use assistive technology and equipment funding where eligible.,2026-08-29
equipment:flexequip:shower-chair,Shower chair,bathroom,FlexEquip,NSW/ACT,,https://flexequip.com.au/product-library/bathroom/shower-chair-shower-stool/shower-chair,Shower chair - Home - Getting Assistive Technology - Product Library - Referral - News - About Us - Contact / Privacy 0 items - Bathroom - Shower chair/Shower stool - Shower chair # Shower chair http://schema.org/OutOfStock Size: * --- Please Select --- Standard Wide 53cm Add to Referral - Limited stock in wide size Items may vary from Illustration. Limits apply. FlexEquip items are loaned or rented for short to medium-term use. The returned items are checked and cleaned according to a strict cleaning protocol by FlexEquip staff prior,"Adults in NSW or ACT diagnosed with MND, or eligible NDIS participants, should confirm access with FlexEquip and their health professional.",May be loaned or rented through FlexEquip; NDIS participants may use assistive technology and equipment funding where eligible.,2026-08-29
equipment:flexequip:shower-stool,Shower stool,bathroom,FlexEquip,NSW/ACT,,https://flexequip.com.au/product-library/bathroom/shower-chair-shower-stool/shower-stool,Shower stool - Home - Getting Assistive Technology - Product Library - Referral - News - About Us - Contact / Privacy 0 items - Bathroom - Shower chair/Shower stool - Shower stool # Shower stool http://schema.org/OutOfStock Size: * --- Please Select --- Standard Bariatric Add to Referral - Limited stock in bariatric size Items may vary from Illustration. Limits apply. FlexEquip items are loaned or rented for short to medium-term use. The returned items are checked and cleaned according to a strict cleaning protocol by FlexEquip staff prior to,"Adults in NSW or ACT diagnosed with MND, or eligible NDIS participants, should confirm access with FlexEquip and their health professional.",May be loaned or rented through FlexEquip; NDIS participants may use assistive technology and equipment funding where eligible.,2026-08-29
equipment:flexequip:shower-commode-accessory---roho-commode-cushion---eq6605,Shower commode Accessory - Roho Commode Cushion - EQ6605,bathroom,FlexEquip,NSW/ACT,,https://flexequip.com.au/product-library/bathroom/shower-commode-tilt-in-space-copy/one-off-specialised-shower-commodes-for-flexequip-ndis-bundle-participants-only/shower-commode-accessory-roho-commode-cushion-eq6605,Shower commode Accessory - Roho Commode Cushion - EQ6605 - Home - Getting Assistive Technology - Product Library - Referral - News - About Us - Contact / Privacy 0 items - Bathroom - Shower commode - One-Off specialised shower commodes for FlexEquip NDIS Bundle Participants Only - Shower commode Accessory - Roho Commode Cushion - EQ6605 # Shower commode Accessory - Roho Commode Cushion - EQ6605 http://schema.org/OutOfStock Add to Referral - ONE ONLY in library - Not available for individual rental. Available to NDIS participants access the bundle only.,"Adults in NSW or ACT diagnosed with MND, or eligible NDIS participants, should confirm access with FlexEquip and their health professional.",May be loaned or rented through FlexEquip; NDIS participants may use assistive technology and equipment funding where eligible.,2026-08-29
equipment:flexequip:shower-commode---attendant---aquatec,Shower commode - attendant - Aquatec,bathroom,FlexEquip,NSW/ACT,,https://flexequip.com.au/product-library/bathroom/shower-commode-tilt-in-space-copy/shower-commodes-copy/shower-commode-attendant-aquatec,Shower commode - attendant - Aquatec - Home - Getting Assistive Technology - Product Library - Referral - News - About Us - Contact / Privacy 0 items - Bathroom - Shower commode - Shower commode - attendant - Shower commode - attendant - Aquatec # Shower commode - attendant - Aquatec http://schema.org/OutOfStock Size: * --- Please Select --- 48cm Add to Referral FlexEquip items are checked and cleaned according to a strict cleaning protocol by FlexEquip staff prior to subsequent loan or rental. - Description - Included - Key,"Adults in NSW or ACT diagnosed with MND, or eligible NDIS participants, should confirm access with FlexEquip and their health professional.",May be loaned or rented through FlexEquip; NDIS participants may use assistive technology and equipment funding where eligible.,2026-08-29
equipment:flexequip:shower-commode---attendant---kcare,Shower commode - attendant - KCare,bathroom,FlexEquip,NSW/ACT,,https://flexequip.com.au/product-library/bathroom/shower-commode-tilt-in-space-copy/shower-commodes-copy/shower-commode-attendant-kcare,Shower commode - attendant - KCare - Home - Getting Assistive Technology - Product Library - Referral - News - About Us - Contact / Privacy 0 items - Bathroom - Shower commode - Shower commode - attendant - Shower commode - attendant - KCare # Shower commode - attendant - KCare http://schema.org/OutOfStock Size: * --- Please Select --- 40cm 44.5cm Add to Referral - Limited stock in petite size Items may vary from Illustration. Limits apply. FlexEquip items are loaned or rented for short to medium-term use. The returned,"Adults in NSW or ACT diagnosed with MND, or eligible NDIS participants, should confirm access with FlexEquip and their health professional.",May be loaned or rented through FlexEquip; NDIS participants may use assistive technology and equipment funding where eligible.,2026-08-29
equipment:flexequip:shower-commode-accessory---aquatec-soft-backrest-insert,Shower Commode Accessory - Aquatec Soft Backrest Insert,bathroom,FlexEquip,NSW/ACT,,https://flexequip.com.au/product-library/bathroom/shower-commode-tilt-in-space-copy/shower-commodes-copy/shower-commode-accessory-aquatec-soft-backrest-insert,Shower Commode Accessory - Aquatec Soft Backrest Insert - Home - Getting Assistive Technology - Product Library - Referral - News - About Us - Contact / Privacy 0 items - Bathroom - Shower commode - Shower commode - attendant - Shower Commode Accessory - Aquatec Soft Backrest Insert # Shower Commode Accessory - Aquatec Soft Backrest Insert http://schema.org/OutOfStock Add to Referral - Limited stock in store. FlexEquip items are loaned or rented for short to medium-term use. The returned items are checked and cleaned according to a strict cleaning,"Adults in NSW or ACT diagnosed with MND, or eligible NDIS participants, should confirm access with FlexEquip and their health professional.",May be loaned or rented through FlexEquip; NDIS participants may use assistive technology and equipment funding where eligible.,2026-08-29
equipment:flexequip:shower-commode-accessory---aquatec-soft-seat-insert,Shower Commode Accessory - Aquatec Soft Seat Insert,bathroom,FlexEquip,NSW/ACT,,https://flexequip.com.au/product-library/bathroom/shower-commode-tilt-in-space-copy/shower-commodes-copy/shower-commode-accessory-aquatec-soft-seat-insert,Shower Commode Accessory - Aquatec Soft Seat Insert - Home - Getting Assistive Technology - Product Library - Referral - News - About Us - Contact / Privacy 0 items - Bathroom - Shower commode - Shower commode - attendant - Shower Commode Accessory - Aquatec Soft Seat Insert # Shower Commode Accessory - Aquatec Soft Seat Insert http://schema.org/OutOfStock Add to Referral - Limited stock in store. FlexEquip items are checked and cleaned according to a strict cleaning protocol by FlexEquip staff prior to subsequent loan or rental. - Description,"Adults in NSW or ACT diagnosed with MND, or eligible NDIS participants, should confirm access with FlexEquip and their health professional.",May be loaned or rented through FlexEquip; NDIS participants may use assistive technology and equipment funding where eligible.,2026-08-29
equipment:flexequip:shower-commode---self-propelled,Shower commode - self-propelled,bathroom,FlexEquip,NSW/ACT,,https://flexequip.com.au/product-library/bathroom/shower-commode-tilt-in-space-copy/shower-commode-self-propelled/shower-commode-self-propelled,Shower commode - self-propelled - Home - Getting Assistive Technology - Product Library - Referral - News - About Us - Contact / Privacy 0 items - Bathroom - Shower commode - Shower commode - self propelled - Shower commode - self-propelled # Shower commode - self-propelled http://schema.org/OutOfStock Size: * --- Please Select --- 44.5cm Add to Referral Items may vary from Illustration. Limits apply. FlexEquip items are loaned or rented for short to medium-term use. The returned items are checked and cleaned according to a strict cleaning protocol by,"Adults in NSW or ACT diagnosed with MND, or eligible NDIS participants, should confirm access with FlexEquip and their health professional.",May be loaned or rented through FlexEquip; NDIS participants may use assistive technology and equipment funding where eligible.,2026-08-29
equipment:flexequip:shower-commode---tilt-in-space---aquatec,Shower commode - tilt-in-space - Aquatec,bathroom,FlexEquip,NSW/ACT,,https://flexequip.com.au/product-library/bathroom/shower-commode-tilt-in-space-copy/shower-commodes/shower-commode-tilt-in-space-aquatec,Shower commode - tilt-in-space - Aquatec - Home - Getting Assistive Technology - Product Library - Referral - News - About Us - Contact / Privacy 0 items - Bathroom - Shower commode - Shower commode - tilt in space - Shower commode - tilt-in-space - Aquatec # Shower commode - tilt-in-space - Aquatec http://schema.org/OutOfStock Size: * --- Please Select --- 48cm Add to Referral FlexEquip items are checked and cleaned according to a strict cleaning protocol by FlexEquip staff prior to subsequent loan or rental. - Description - Included,"Adults in NSW or ACT diagnosed with MND, or eligible NDIS participants, should confirm access with FlexEquip and their health professional.",May be loaned or rented through FlexEquip; NDIS participants may use assistive technology and equipment funding where eligible.,2026-08-29
equipment:flexequip:shower-commode---tilt-in-space---kcare,Shower commode - tilt-in-space - KCare,bathroom,FlexEquip,NSW/ACT,,https://flexequip.com.au/product-library/bathroom/shower-commode-tilt-in-space-copy/shower-commodes/shower-commode-tilt-in-space-kcare,Shower commode - tilt-in-space - KCare - Home - Getting Assistive Technology - Product Library - Referral - News - About Us - Contact / Privacy 0 items - Bathroom - Shower commode - Shower commode - tilt in space - Shower commode - tilt-in-space - KCare # Shower commode - tilt-in-space - KCare http://schema.org/OutOfStock Size: * --- Please Select --- 40cm 44.5cm 50cm Add to Referral - Limited stock in petite and bariatric sizes Items may vary from Illustration. Limits apply. FlexEquip items are loaned or rented for short,"Adults in NSW or ACT diagnosed with MND, or eligible NDIS participants, should confirm access with FlexEquip and their health professional.",May be loaned or rented through FlexEquip; NDIS participants may use assistive technology and equipment funding where eligible.,2026-08-29
equipment:flexequip:shower-commode-accessory---aquatec-soft-backrest-insert,Shower Commode Accessory - Aquatec Soft Backrest Insert,bathroom,FlexEquip,NSW/ACT,,https://flexequip.com.au/product-library/bathroom/shower-commode-tilt-in-space-copy/shower-commodes/shower-commode-accessory-aquatec-soft-backrest-insert,Shower Commode Accessory - Aquatec Soft Backrest Insert - Home - Getting Assistive Technology - Product Library - Referral - News - About Us - Contact / Privacy 0 items - Bathroom - Shower commode - Shower commode - tilt in space - Shower Commode Accessory - Aquatec Soft Backrest Insert # Shower Commode Accessory - Aquatec Soft Backrest Insert http://schema.org/OutOfStock Add to Referral - Limited stock in store. FlexEquip items are loaned or rented for short to medium-term use. The returned items are checked and cleaned according to a,"Adults in NSW or ACT diagnosed with MND, or eligible NDIS participants, should confirm access with FlexEquip and their health professional.",May be loaned or rented through FlexEquip; NDIS participants may use assistive technology and equipment funding where eligible.,2026-08-29
equipment:flexequip:shower-commode-accessory---aquatec-ocean-ergo-laterals,Shower Commode Accessory - Aquatec Ocean Ergo Laterals,bathroom,FlexEquip,NSW/ACT,,https://flexequip.com.au/product-library/bathroom/shower-commode-tilt-in-space-copy/shower-commodes/shower-commode-accessory-aquatec-ocean-ergo-laterals,Shower Commode Accessory - Aquatec Ocean Ergo Laterals - Home - Getting Assistive Technology - Product Library - Referral - News - About Us - Contact / Privacy 0 items - Bathroom - Shower commode - Shower commode - tilt in space - Shower Commode Accessory - Aquatec Ocean Ergo Laterals # Shower Commode Accessory - Aquatec Ocean Ergo Laterals http://schema.org/OutOfStock Add to Referral - Limited stock in store. - Laterals must be fitted and positioned by referring therapist FlexEquip items are loaned or rented for short to medium-term use.,"Adults in NSW or ACT diagnosed with MND, or eligible NDIS participants, should confirm access with FlexEquip and their health professional.",May be loaned or rented through FlexEquip; NDIS participants may use assistive technology and equipment funding where eligible.,2026-08-29
equipment:flexequip:shower-commode-accessory---aquatec-soft-seat-insert,Shower Commode Accessory - Aquatec Soft Seat Insert,bathroom,FlexEquip,NSW/ACT,,https://flexequip.com.au/product-library/bathroom/shower-commode-tilt-in-space-copy/shower-commodes/shower-commode-accessory-aquatec-soft-seat-insert,Shower Commode Accessory - Aquatec Soft Seat Insert - Home - Getting Assistive Technology - Product Library - Referral - News - About Us - Contact / Privacy 0 items - Bathroom - Shower commode - Shower commode - tilt in space - Shower Commode Accessory - Aquatec Soft Seat Insert # Shower Commode Accessory - Aquatec Soft Seat Insert http://schema.org/OutOfStock Add to Referral - Limited stock in store. FlexEquip items are checked and cleaned according to a strict cleaning protocol by FlexEquip staff prior to subsequent loan or rental.,"Adults in NSW or ACT diagnosed with MND, or eligible NDIS participants, should confirm access with FlexEquip and their health professional.",May be loaned or rented through FlexEquip; NDIS participants may use assistive technology and equipment funding where eligible.,2026-08-29
equipment:flexequip:sliding-transfer-bench,Sliding transfer bench,bathroom,FlexEquip,NSW/ACT,,https://flexequip.com.au/product-library/bathroom/transfer-bench-sliding/sliding-transfer-bench,Sliding transfer bench - Home - Getting Assistive Technology - Product Library - Referral - News - About Us - Contact / Privacy 0 items - Bathroom - Transfer bench - sliding - Sliding transfer bench # Sliding transfer bench http://schema.org/OutOfStock Add to Referral Items may vary from Illustration. Limits apply. FlexEquip items are loaned or rented for short to medium-term use. The returned items are checked and cleaned according to a strict cleaning protocol by FlexEquip staff prior to subsequent loan or rental. - Description - Included - Key,"Adults in NSW or ACT diagnosed with MND, or eligible NDIS participants, should confirm access with FlexEquip and their health professional.",May be loaned or rented through FlexEquip; NDIS participants may use assistive technology and equipment funding where eligible.,2026-08-29
equipment:flexequip:bed---electric,Bed - electric,beds_and_bed_equipment,FlexEquip,NSW/ACT,,https://flexequip.com.au/product-library/beds-and-bed-equipment/bed-electric,"Bed - electric - Home - Getting Assistive Technology - Product Library - Referral - News - About Us - Contact / Privacy 0 items - Beds and bed equipment - Bed - electric # Bed - electric http://schema.org/OutOfStock Size: * --- Please Select --- Single King Single Single with foot extension King Single with foot extension Add to Referral - bed rails not provided - mattress - to be requested seperately - For king single beds , A justification report on the urgency of need and why an alternative","Adults in NSW or ACT diagnosed with MND, or eligible NDIS participants, should confirm access with FlexEquip and their health professional.",May be loaned or rented through FlexEquip; NDIS participants may use assistive technology and equipment funding where eligible.,2026-08-29
equipment:flexequip:bed-cradle,Bed Cradle,beds_and_bed_equipment,FlexEquip,NSW/ACT,,https://flexequip.com.au/product-library/beds-and-bed-equipment/bed-cradle,Bed Cradle - Home - Getting Assistive Technology - Product Library - Referral - News - About Us - Contact / Privacy 0 items - Beds and bed equipment - Bed Cradle # Bed Cradle http://schema.org/OutOfStock Add to Referral Items may vary from Illustration. FlexEquip items are checked and cleaned according to a strict cleaning protocol by FlexEquip staff prior to subsequent loan or rental. - Description - Included - A bed cradle is designed to keep bed linen off the lower limbs. - Included: ### Assistive Technology - Armchairs,"Adults in NSW or ACT diagnosed with MND, or eligible NDIS participants, should confirm access with FlexEquip and their health professional.",May be loaned or rented through FlexEquip; NDIS participants may use assistive technology and equipment funding where eligible.,2026-08-29
equipment:flexequip:bedside-commode-chair,Bedside commode chair,beds_and_bed_equipment,FlexEquip,NSW/ACT,,https://flexequip.com.au/product-library/beds-and-bed-equipment/bedside-commode-chair,Bedside commode chair - Home - Getting Assistive Technology - Product Library - Referral - News - About Us - Contact / Privacy 0 items - Beds and bed equipment - Bedside commode chair # Bedside commode chair http://schema.org/OutOfStock Add to Referral Items may vary from Illustration. Limits apply. FlexEquip items are loaned or rented for short to medium-term use. The returned items are checked and cleaned according to a strict cleaning protocol by FlexEquip staff prior to subsequent loan or rental. - Description - Included - Key features -,"Adults in NSW or ACT diagnosed with MND, or eligible NDIS participants, should confirm access with FlexEquip and their health professional.",May be loaned or rented through FlexEquip; NDIS participants may use assistive technology and equipment funding where eligible.,2026-08-29
equipment:flexequip:mattress---foam-medical-grade,Mattress - foam medical grade,beds_and_bed_equipment,FlexEquip,NSW/ACT,,https://flexequip.com.au/product-library/beds-and-bed-equipment/mattress-foam-medical-grade,Mattress - foam medical grade - Home - Getting Assistive Technology - Product Library - Referral - News - About Us - Contact / Privacy 0 items - Beds and bed equipment - Mattress - foam medical grade # Mattress - foam medical grade http://schema.org/OutOfStock Size: * --- Please Select --- Single King Single Add to Referral FlexEquip Foam mattresses are only to be used with FlexEquip beds Items may vary from Illustration. Limits apply. These FlexEquip items are porvided for short-term use only. The returned items are checked and,"Adults in NSW or ACT diagnosed with MND, or eligible NDIS participants, should confirm access with FlexEquip and their health professional.",May be loaned or rented through FlexEquip; NDIS participants may use assistive technology and equipment funding where eligible.,2026-08-29
equipment:flexequip:mattress-overlay---alternating-air---high-profile,Mattress overlay - alternating air - high profile,beds_and_bed_equipment,FlexEquip,NSW/ACT,,https://flexequip.com.au/product-library/beds-and-bed-equipment/mattress-overlay-alternating-air-high-profile,Mattress overlay - alternating air - high profile - Home - Getting Assistive Technology - Product Library - Referral - News - About Us - Contact / Privacy 0 items - Beds and bed equipment - Mattress overlay - alternating air - high profile # Mattress overlay - alternating air - high profile http://schema.org/OutOfStock Size: * --- Please Select --- Single King Single Add to Referral Items may vary from Illustration. Limits apply. FlexEquip items are loaned or rented for short to medium-term use. The returned items are checked and,"Adults in NSW or ACT diagnosed with MND, or eligible NDIS participants, should confirm access with FlexEquip and their health professional.",May be loaned or rented through FlexEquip; NDIS participants may use assistive technology and equipment funding where eligible.,2026-08-29
equipment:flexequip:mattress-overlay---roho,Mattress overlay - Roho,beds_and_bed_equipment,FlexEquip,NSW/ACT,,https://flexequip.com.au/product-library/beds-and-bed-equipment/mattress-overlay-roho,Mattress overlay - Roho - Home - Getting Assistive Technology - Product Library - Referral - News - About Us - Contact / Privacy 0 items - Beds and bed equipment - Mattress overlay - Roho # Mattress overlay - Roho http://schema.org/OutOfStock Add to Referral - Air inflation needs to be checked daily to ensure correct pressure support. Items may vary from Illustration. Limits apply. FlexEquip items are loaned or rented for short to medium-term use. The returned items are checked and cleaned according to a strict cleaning protocol by,"Adults in NSW or ACT diagnosed with MND, or eligible NDIS participants, should confirm access with FlexEquip and their health professional.",May be loaned or rented through FlexEquip; NDIS participants may use assistive technology and equipment funding where eligible.,2026-08-29
equipment:flexequip:mattress-overlay---roho-foot-extension-section,Mattress overlay - Roho foot extension section,beds_and_bed_equipment,FlexEquip,NSW/ACT,,https://flexequip.com.au/product-library/beds-and-bed-equipment/mattress-overlay-roho-foot-extension-section,Mattress overlay - Roho foot extension section - Home - Getting Assistive Technology - Product Library - Referral - News - About Us - Contact / Privacy 0 items - Beds and bed equipment - Mattress overlay - Roho foot extension section # Mattress overlay - Roho foot extension section http://schema.org/OutOfStock Add to Referral - Air inflation needs to be checked daily to ensure correct pressure support. Items may vary from Illustration. Limits apply. FlexEquip items are loaned or rented for short to medium-term use. The returned items are checked,"Adults in NSW or ACT diagnosed with MND, or eligible NDIS participants, should confirm access with FlexEquip and their health professional.",May be loaned or rented through FlexEquip; NDIS participants may use assistive technology and equipment funding where eligible.,2026-08-29
equipment:flexequip:mattress-overlay---roho-width-extension-sections-set,Mattress overlay - Roho width extension sections set,beds_and_bed_equipment,FlexEquip,NSW/ACT,,https://flexequip.com.au/product-library/beds-and-bed-equipment/mattress-overlay-roho-width-extension-sections-set,Mattress overlay - Roho width extension sections set - Home - Getting Assistive Technology - Product Library - Referral - News - About Us - Contact / Privacy 0 items - Beds and bed equipment - Mattress overlay - Roho width extension sections set # Mattress overlay - Roho width extension sections set http://schema.org/OutOfStock Add to Referral - For use with a FlexEquip standard Roho mattress overlay set only - Limited stock in store - Air inflation needs to be checked daily to ensure correct pressure support. Items may vary,"Adults in NSW or ACT diagnosed with MND, or eligible NDIS participants, should confirm access with FlexEquip and their health professional.",May be loaned or rented through FlexEquip; NDIS participants may use assistive technology and equipment funding where eligible.,2026-08-29
equipment:flexequip:mattress-replacement-system---alternating-air---high-profile,Mattress replacement system - alternating air - high profile,beds_and_bed_equipment,FlexEquip,NSW/ACT,,https://flexequip.com.au/product-library/beds-and-bed-equipment/mattress-replacement-system-alternating-air-high-profile,Mattress replacement system - alternating air - high profile - Home - Getting Assistive Technology - Product Library - Referral - News - About Us - Contact / Privacy 0 items - Beds and bed equipment - Mattress replacement system - alternating air - high profile # Mattress replacement system - alternating air - high profile http://schema.org/OutOfStock Size: * --- Please Select --- Single King Single Add to Referral - Very limited stock in store - A justification report on the urgency of need and why an alternative mattress does,"Adults in NSW or ACT diagnosed with MND, or eligible NDIS participants, should confirm access with FlexEquip and their health professional.",May be loaned or rented through FlexEquip; NDIS participants may use assistive technology and equipment funding where eligible.,2026-08-29
equipment:flexequip:mattress-replacement-system---hybrid-foam-air-high-level,Mattress replacement system - hybrid foam/air high level,beds_and_bed_equipment,FlexEquip,NSW/ACT,,https://flexequip.com.au/product-library/beds-and-bed-equipment/mattress-replacement-system-hybrid-foam-air-high-level,Mattress replacement system - hybrid foam/air high level - Home - Getting Assistive Technology - Product Library - Referral - News - About Us - Contact / Privacy 0 items - Beds and bed equipment - Mattress replacement system - hybrid foam/air high level # Mattress replacement system - hybrid foam/air high level http://schema.org/OutOfStock Size: * --- Please Select --- Single King Single Add to Referral - A justification report on the urgency of need and why an alternative mattress does not meet the participants needs will be requested by,"Adults in NSW or ACT diagnosed with MND, or eligible NDIS participants, should confirm access with FlexEquip and their health professional.",May be loaned or rented through FlexEquip; NDIS participants may use assistive technology and equipment funding where eligible.,2026-08-29
equipment:flexequip:over-bed-pole,Over bed pole,beds_and_bed_equipment,FlexEquip,NSW/ACT,,https://flexequip.com.au/product-library/beds-and-bed-equipment/over-bed-pole,Over bed pole - Home - Getting Assistive Technology - Product Library - Referral - News - About Us - Contact / Privacy 0 items - Beds and bed equipment - Over bed pole # Over bed pole http://schema.org/OutOfStock Add to Referral Items may vary from Illustration. Limits apply. FlexEquip items are loaned or rented for short to medium-term use. The returned items are checked and cleaned according to a strict cleaning protocol by FlexEquip staff prior to subsequent loan or rental. - Description - Included - Key features -,"Adults in NSW or ACT diagnosed with MND, or eligible NDIS participants, should confirm access with FlexEquip and their health professional.",May be loaned or rented through FlexEquip; NDIS participants may use assistive technology and equipment funding where eligible.,2026-08-29
equipment:flexequip:over-bed-table,Over bed table,beds_and_bed_equipment,FlexEquip,NSW/ACT,,https://flexequip.com.au/product-library/beds-and-bed-equipment/over-bed-table,Over bed table - Home - Getting Assistive Technology - Product Library - Referral - News - About Us - Contact / Privacy 0 items - Beds and bed equipment - Over bed table # Over bed table http://schema.org/OutOfStock Add to Referral Items may vary from Illustration. Limits apply. FlexEquip items are loaned or rented for short to medium-term use. The returned items are checked and cleaned according to a strict cleaning protocol by FlexEquip staff prior to subsequent loan or rental. - Description - Included - Key Features -,"Adults in NSW or ACT diagnosed with MND, or eligible NDIS participants, should confirm access with FlexEquip and their health professional.",May be loaned or rented through FlexEquip; NDIS participants may use assistive technology and equipment funding where eligible.,2026-08-29
equipment:flexequip:over-chair-table,Over chair table,beds_and_bed_equipment,FlexEquip,NSW/ACT,,https://flexequip.com.au/product-library/beds-and-bed-equipment/over-chair-table,Over chair table - Home - Getting Assistive Technology - Product Library - Referral - News - About Us - Contact / Privacy 0 items - Beds and bed equipment - Over chair table # Over chair table http://schema.org/OutOfStock Add to Referral Items may vary from Illustration. Limits apply. FlexEquip items are loaned or rented for short to medium-term use. The returned items are checked and cleaned according to a strict cleaning protocol by FlexEquip staff prior to subsequent loan or rental. - Description - Included - Key Features -,"Adults in NSW or ACT diagnosed with MND, or eligible NDIS participants, should confirm access with FlexEquip and their health professional.",May be loaned or rented through FlexEquip; NDIS participants may use assistive technology and equipment funding where eligible.,2026-08-29
equipment:flexequip:door-chime-(switch-activated),Door chime (switch activated),communication,FlexEquip,NSW/ACT,,https://flexequip.com.au/product-library/communication/call-devices/door-chime-switch-activated,Door chime (switch activated) - Home - Getting Assistive Technology - Product Library - Referral - News - About Us - Contact / Privacy 0 items - Communication - Call devices - Door chime (switch activated) # Door chime (switch activated) http://schema.org/OutOfStock Add to Referral - Does not include Switch Items may vary from Illustration. Limits apply. FlexEquip items are loaned or rented for short to medium-term use. The returned items are checked and cleaned according to a strict cleaning protocol by FlexEquip staff prior to subsequent loan or rental.,"Adults in NSW or ACT diagnosed with MND, or eligible NDIS participants, should confirm access with FlexEquip and their health professional.",May be loaned or rented through FlexEquip; NDIS participants may use assistive technology and equipment funding where eligible.,2026-08-29
equipment:flexequip:housemate-lite,HouseMate Lite,communication,FlexEquip,NSW/ACT,,https://flexequip.com.au/product-library/communication/environmental-control-units/housemate-lite,HouseMate Lite - Home - Getting Assistive Technology - Product Library - Referral - News - About Us - Contact / Privacy 0 items - Communication - Environmental control units - HouseMate Lite # HouseMate Lite http://schema.org/OutOfStock Add to Referral - Does not include Switch Items may vary from Illustration. Limits apply. FlexEquip items are loaned or rented for short to medium-term use. The returned items are checked and cleaned according to a strict cleaning protocol by FlexEquip staff prior to subsequent loan or rental. - Description - Included -,"Adults in NSW or ACT diagnosed with MND, or eligible NDIS participants, should confirm access with FlexEquip and their health professional.",May be loaned or rented through FlexEquip; NDIS participants may use assistive technology and equipment funding where eligible.,2026-08-29
equipment:flexequip:eye-gaze-environmental-control-unit---eyer-usb,Eye gaze environmental control unit - EyeR USB,communication,FlexEquip,NSW/ACT,,https://flexequip.com.au/product-library/communication/eye-gaze-equipment-for-mnd-participants/eye-gaze-environmental-control-units/eye-gaze-environmental-control-unit,Eye gaze environmental control unit - EyeR USB - Home - Getting Assistive Technology - Product Library - Referral - News - About Us - Contact / Privacy 0 items - Communication - Eye gaze equipment for MND participants - Eye gaze - environmental control units - Eye gaze environmental control unit - EyeR USB # Eye gaze environmental control unit - EyeR USB http://schema.org/OutOfStock Add to Referral - For loan with FlexEquip Eye Gaze EyeMobile 5 devices only Items may vary from Illustration. Limits apply. These FlexEquip items are,"Adults in NSW or ACT diagnosed with MND, or eligible NDIS participants, should confirm access with FlexEquip and their health professional.",May be loaned or rented through FlexEquip; NDIS participants may use assistive technology and equipment funding where eligible.,2026-08-29
equipment:flexequip:eye-gaze-mount---rolling-floorstand,Eye gaze mount - Rolling Floorstand,communication,FlexEquip,NSW/ACT,,https://flexequip.com.au/product-library/communication/eye-gaze-equipment-for-mnd-participants/eye-gaze-mounting-systems/eye-gaze-mount-floorstand-rolling,Eye gaze mount - Rolling Floorstand - Home - Getting Assistive Technology - Product Library - Referral - News - About Us - Contact / Privacy 0 items - Communication - Eye gaze equipment for MND participants - Eye gaze - mounting systems - Eye gaze mount - Rolling Floorstand # Eye gaze mount - Rolling Floorstand http://schema.org/OutOfStock Add to Referral - For loan with FlexEquip Eye Gaze devices only. - NOT available for individual rental. Items may vary from Illustration. Limits apply. These FlexEquip items are loaned for short-term,"Adults in NSW or ACT diagnosed with MND, or eligible NDIS participants, should confirm access with FlexEquip and their health professional.",May be loaned or rented through FlexEquip; NDIS participants may use assistive technology and equipment funding where eligible.,2026-08-29
equipment:flexequip:eye-gaze-mount---tablestand,Eye gaze mount - TableStand,communication,FlexEquip,NSW/ACT,,https://flexequip.com.au/product-library/communication/eye-gaze-equipment-for-mnd-participants/eye-gaze-mounting-systems/eye-gaze-mount-table-stand,Eye gaze mount - TableStand - Home - Getting Assistive Technology - Product Library - Referral - News - About Us - Contact / Privacy 0 items - Communication - Eye gaze equipment for MND participants - Eye gaze - mounting systems - Eye gaze mount - TableStand # Eye gaze mount - TableStand http://schema.org/OutOfStock Add to Referral - For loan with FlexEquip Eye Gaze devices only - NOT available for individual rental. Items may vary from Illustration. Limits apply. These FlexEquip items are loaned for short-term use only. The,"Adults in NSW or ACT diagnosed with MND, or eligible NDIS participants, should confirm access with FlexEquip and their health professional.",May be loaned or rented through FlexEquip; NDIS participants may use assistive technology and equipment funding where eligible.,2026-08-29
equipment:flexequip:eye-gaze-mount---rehadapt-fs-telelock---eq6302,Eye Gaze Mount - Rehadapt FS TeleLock - EQ6302,communication,FlexEquip,NSW/ACT,,https://flexequip.com.au/product-library/communication/eye-gaze-equipment-for-mnd-participants/eye-gaze-mounting-systems/eye-gaze-mount-rehadapt-fs-telelock-eq6302,Eye Gaze Mount - Rehadapt FS TeleLock - EQ6302 - Home - Getting Assistive Technology - Product Library - Referral - News - About Us - Contact / Privacy 0 items - Communication - Eye gaze equipment for MND participants - Eye gaze - mounting systems - Eye Gaze Mount - Rehadapt FS TeleLock - EQ6302 # Eye Gaze Mount - Rehadapt FS TeleLock - EQ6302 http://schema.org/InStock Add to Referral - Compatible with vesa plate for eye gaze mounting. - Not available for individual rental FlexEquip items are checked and,"Adults in NSW or ACT diagnosed with MND, or eligible NDIS participants, should confirm access with FlexEquip and their health professional.",May be loaned or rented through FlexEquip; NDIS participants may use assistive technology and equipment funding where eligible.,2026-08-29
equipment:flexequip:wheelchair-mount---daessy-mini-folding-mount---eq6401,Wheelchair Mount - Daessy Mini Folding Mount - EQ6401,communication,FlexEquip,NSW/ACT,,https://flexequip.com.au/product-library/communication/eye-gaze-equipment-for-mnd-participants/eye-gaze-mounting-systems/wheelchair-mount-daessy-mini-folding-mount-eq6401,Wheelchair Mount - Daessy Mini Folding Mount - EQ6401 - Home - Getting Assistive Technology - Product Library - Referral - News - About Us - Contact / Privacy 0 items - Communication - Eye gaze equipment for MND participants - Eye gaze - mounting systems - Wheelchair Mount - Daessy Mini Folding Mount - EQ6401 # Wheelchair Mount - Daessy Mini Folding Mount - EQ6401 http://schema.org/InStock Add to Referral - Compatible with Glide Centro Power wheelchair or alternative mounting plate can be purchased seperately - Available for NDIS participants,"Adults in NSW or ACT diagnosed with MND, or eligible NDIS participants, should confirm access with FlexEquip and their health professional.",May be loaned or rented through FlexEquip; NDIS participants may use assistive technology and equipment funding where eligible.,2026-08-29
equipment:flexequip:eye-gaze-mount---rehadapt-fs-telelock---eq6643,Eye Gaze Mount - Rehadapt FS TeleLock - EQ6643,communication,FlexEquip,NSW/ACT,,https://flexequip.com.au/product-library/communication/eye-gaze-equipment-for-mnd-participants/eye-gaze-mounting-systems/eye-gaze-mount-rehadapt-fs-telelock-eq6643,Eye Gaze Mount - Rehadapt FS TeleLock - EQ6643 - Home - Getting Assistive Technology - Product Library - Referral - News - About Us - Contact / Privacy 0 items - Communication - Eye gaze equipment for MND participants - Eye gaze - mounting systems - Eye Gaze Mount - Rehadapt FS TeleLock - EQ6643 # Eye Gaze Mount - Rehadapt FS TeleLock - EQ6643 http://schema.org/InStock Add to Referral - Compatible with vesa plate for eye gaze mounting. - Not available for individual rental FlexEquip items are checked and,"Adults in NSW or ACT diagnosed with MND, or eligible NDIS participants, should confirm access with FlexEquip and their health professional.",May be loaned or rented through FlexEquip; NDIS participants may use assistive technology and equipment funding where eligible.,2026-08-29
equipment:flexequip:wheelchair-mount---daessy-mini-folding-mount---eq6975,Wheelchair Mount - Daessy Mini Folding Mount - EQ6975,communication,FlexEquip,NSW/ACT,,https://flexequip.com.au/product-library/communication/eye-gaze-equipment-for-mnd-participants/eye-gaze-mounting-systems/wheelchair-mount-daessy-mini-folding-mount-eq6975,Wheelchair Mount - Daessy Mini Folding Mount - EQ6975 - Home - Getting Assistive Technology - Product Library - Referral - News - About Us - Contact / Privacy 0 items - Communication - Eye gaze equipment for MND participants - Eye gaze - mounting systems - Wheelchair Mount - Daessy Mini Folding Mount - EQ6975 # Wheelchair Mount - Daessy Mini Folding Mount - EQ6975 http://schema.org/InStock Add to Referral - Compatible with Glide Centro Power wheelchair or alternative mounting plate can be purchased seperately - Available for NDIS participants,"Adults in NSW or ACT diagnosed with MND, or eligible NDIS participants, should confirm access with FlexEquip and their health professional.",May be loaned or rented through FlexEquip; NDIS participants may use assistive technology and equipment funding where eligible.,2026-08-29
equipment:flexequip:wheelchair-eye-gaze-mount---daessy-folding-mount---eq7390,Wheelchair Eye Gaze Mount - Daessy Folding Mount - EQ7390,communication,FlexEquip,NSW/ACT,,https://flexequip.com.au/product-library/communication/eye-gaze-equipment-for-mnd-participants/eye-gaze-mounting-systems/wheelchair-eye-gaze-mount-daessy-folding-mount-eq7390,Wheelchair Eye Gaze Mount - Daessy Folding Mount - EQ7390 - Home - Getting Assistive Technology - Product Library - Referral - News - About Us - Contact / Privacy 0 items - Communication - Eye gaze equipment for MND participants - Eye gaze - mounting systems - Wheelchair Eye Gaze Mount - Daessy Folding Mount - EQ7390 # Wheelchair Eye Gaze Mount - Daessy Folding Mount - EQ7390 http://schema.org/InStock Add to Referral - Compatible with Glide Power wheelchair or alternative mounting plate can be purchased seperately - Available for,"Adults in NSW or ACT diagnosed with MND, or eligible NDIS participants, should confirm access with FlexEquip and their health professional.",May be loaned or rented through FlexEquip; NDIS participants may use assistive technology and equipment funding where eligible.,2026-08-29
